CoinMarketCap,Name,Symbol,CoinGecko,Name,Price 2015-01-04,Price2021-06-30,Return,Dead?,symbol,symbolconsis?,Rank - Return,Max Overall Return,Rank - Overall Max,Max Monthly Return,Rank - Monthly Max,adjusted e-value,pass 5% threshold?,pass 10% threshold?,p-value (Overall Max),p-value (Monthly Max),,,
,GlobalBoost-Y,BSTY,,GlobalBoost-Y,0.000008,0.04646188,5807.735,0,bsty,1,1,130459.0343,2,41915.75,2,11.70914315,FALSE,TRUE,0.001900979886,0.005916630384,0.03672201571,TRUE,TRUE
,Verge,XVG,,Verge,0.000004662148497,0.022815475,4893.768402,0,xvg,1,2,56196.09807,3,53123.10064,1,19.7329371,FALSE,TRUE,0.002942078525,0.009336804403,0.05794958544,FALSE,TRUE
,WhiteCoin,XWC,,WhiteCoin,0.0002298859576,0.972437133,4230.084966,0,xwc,1,3,11308.13743,7,7239.10048,8,25.58519133,TRUE,TRUE,0.006266031281,0.008564600004,0.05315684021,FALSE,TRUE
,Einsteinium,EMC2,,Einsteinium,0.0002546904868,0.597602706,2346.388016,0,emc2,1,4,10136.56337,10,3261.739841,15,18.922484,FALSE,TRUE,0.004893177126,0.01013773884,0.06292064583,FALSE,TRUE
,Dogecoin,DOGE,,Dogecoin,0.0001581355927,0.263482443,1666.180513,0,doge,1,5,4311.742026,19,1936.652116,18,16.79617453,FALSE,TRUE,0.0060544585,0.01422844884,0.08830994806,FALSE,TRUE
,Groestlcoin,GRS,,Groestlcoin,0.0003726565898,0.568875545,1526.540951,0,grs,1,6,6984.015805,14,4321.675686,13,18.46622118,FALSE,TRUE,0.005072808026,0.008828484349,0.05479465843,FALSE,TRUE
,DigiByte,DGB,,DigiByte,0.00004435905683,0.047264404,1065.496144,0,dgb,1,7,3545.177883,21,2854.781216,16,15.03724397,FALSE,TRUE,0.006662302541,0.01085897575,0.06739705748,FALSE,TRUE
,Trollcoin,TROLL,,Trollcoin,0.00000238334,0.002179388,914.4259736,0,troll,1,8,9553.451261,11,1060.116387,22,14.74880603,FALSE,TRUE,0.00471985546,0.02126696166,0.1319950123,FALSE,FALSE
,Monero,XMR,,Monero,0.4057102629,217.7325639,536.6700914,0,xmr,1,9,1336.731001,29,1004.271417,23,9.737965368,FALSE,FALSE,0.01279498138,0.02147349515,0.133276878,FALSE,FALSE
,NavCoin,NAV,,NavCoin,0.000737569,0.35872928,486.3670789,0,nav,1,10,6677.748262,15,4721.682186,12,9.805787881,FALSE,FALSE,0.004951768975,0.008753942283,0.05433200744,FALSE,TRUE
,OKCash,OK,,OKCash,0.0000730272,0.032822105,449.4504103,0,ok,1,11,10527.39379,9,8162.057301,6,9.967650227,FALSE,FALSE,0.005235019435,0.01012816544,0.06286122779,FALSE,TRUE
,GameCredits,GAME,,GameCredits,0.0003064761153,0.130053071,424.3497764,0,game,1,12,21755.40662,5,13592.3857,4,10.26652685,FALSE,TRUE,0.004559786067,0.009122754661,0.05662106946,FALSE,TRUE
,EarthCoin,EAC,,EarthCoin,0.00000675302213,0.00273487,404.984605,0,eac,1,13,1479.441481,27,636.7331852,34,10.61451586,FALSE,TRUE,0.01241709834,0.02291106484,0.1421992635,FALSE,FALSE
,MonetaryUnit,MUE,,MonetaryUnit,0.00002870296,0.006482639,225.8526298,0,mue,1,14,17279.79094,6,13232.50871,5,6.374872616,FALSE,FALSE,0.004784008496,0.007496688811,0.04652876831,TRUE,TRUE
,Bela,BELA,,Bela,0.0000161018,0.003483318,216.3309692,0,bela,1,15,35941.12112,4,19834.95099,3,6.542267214,FALSE,FALSE,0.003450087146,0.008335454591,0.05173463181,FALSE,TRUE
,Syscoin,SYS,,Syscoin,0.0006218537853,0.115541652,185.8019598,0,sys,1,16,1658.147306,26,1282.897547,20,5.993611606,FALSE,FALSE,0.0115049628,0.01933123971,0.119980807,FALSE,FALSE
,DopeCoin,DOPE,,DopeCoin,0.0000403326,0.006164325,152.837283,0,dope,1,17,6212.00737,17,6212.00737,11,5.238374619,FALSE,FALSE,0.004696786216,0.007258669607,0.04505148404,TRUE,TRUE
,Bitcoin,BTC,,Bitcoin,260.936,35968.99367,137.8460376,0,btc,1,18,243.6485423,64,224.8391496,51,5.002477171,FALSE,FALSE,0.0318081115,0.0432553237,0.2684674508,FALSE,FALSE
,Uniform Fiscal Object,UFO,,Uniform Fiscal Object,0.000005332900741,0.000651949,122.2503534,0,ufo,1,19,1001.547842,39,603.0694184,35,4.682977246,FALSE,FALSE,0.01269829376,0.02349883469,0.1458473017,FALSE,FALSE
,Bitcoin Scrypt,BTCS,,Bitcoin Scrypt,0.000331029,0.034701504,104.8291962,0,btcs,1,20,1392.328165,28,390.1863583,41,4.226983719,FALSE,FALSE,0.01272278057,0.03100457184,0.1924322292,FALSE,FALSE
,CloakCoin,CLOAK,,CloakCoin,0.00493611849,0.489964661,99.26112227,0,cloak,1,21,6337.287723,16,6274.768958,10,4.202587838,FALSE,FALSE,0.004891682587,0.007904673516,0.04906095635,TRUE,TRUE
,Dash,DASH,,Dash,1.606459176,139.9363327,87.10855201,0,dash,1,22,929.7408757,41,673.5447767,32,3.863685775,FALSE,FALSE,0.01301175552,0.02301257546,0.1428292969,FALSE,FALSE
,BitBay,BAY,,BitBay,0.00677903,0.581792461,85.82237592,0,bay,1,23,1110.27533,37,351.7520796,44,3.979666625,FALSE,FALSE,0.01207394692,0.03204736497,0.1989044039,FALSE,FALSE
,FedoraCoin,TIPS,,FedoraCoin,0.0000001484947498,0.0000124,83.50463579,0,tips,1,24,1157.567568,36,665.5405405,33,4.040546893,FALSE,FALSE,0.01190235297,0.02258360252,0.1401668438,FALSE,FALSE
,Bitcoin Plus,XBC,,Bitcoin Plus,0.1615,12.77473725,79.10054025,0,xbc,1,25,1210.617601,34,891.5807108,26,3.986922392,FALSE,FALSE,0.01205024219,0.02139674271,0.1328005082,FALSE,FALSE
,Litecoin,LTC,,Litecoin,1.939972243,144.0776023,74.26786793,0,ltc,1,26,198.2871765,69,131.8524124,60,3.893073722,FALSE,FALSE,0.03625249966,0.06269636268,0.3891297353,FALSE,FALSE
,MonaCoin,MONA,,MonaCoin,0.02100636558,1.499243742,71.37092497,0,mona,1,27,782.9296376,44,488.431555,37,3.885110835,FALSE,FALSE,0.01439813584,0.02744582177,0.1703445767,FALSE,FALSE
,Stellar,XLM,,Stellar,0.00440824505,0.281390665,63.83280916,0,xlm,1,28,198.6194052,68,112.1111476,65,3.603465033,FALSE,FALSE,0.03672409369,0.06806432181,0.4224463812,FALSE,FALSE
,Burst,BURST,,Burst,0.0004044508,0.024501691,60.58015215,0,burst,1,29,301.4874979,59,134.0330992,59,3.541984702,FALSE,FALSE,0.02788433922,0.06272166884,0.3892867999,FALSE,FALSE
,ReddCoin,RDD,,ReddCoin,0.0000306385743,0.001843869,60.18129244,0,rdd,1,30,998.8463399,40,397.3400654,40,3.639997527,FALSE,FALSE,0.01241432191,0.03120752494,0.193691873,FALSE,FALSE
,Bytecoin,BCN,,Bytecoin,0.000007793200065,0.000422481,54.21149161,0,bcn,1,31,8665.70154,12,833.5091142,27,3.388218226,FALSE,FALSE,0.004769761933,0.02203979543,0.1367916638,FALSE,FALSE
,Bytecoin,BTE,,Bytecoin,0.000007793200065,0.000422481,54.21149161,0,bcn,0,32,8665.70154,13,833.5091142,28,3.497515588,FALSE,FALSE,0.004402857169,0.02125265988,0.1319062472,FALSE,FALSE
,I/O Coin,IOC,,I/O Coin,0.001610470011,0.086842889,53.92394048,1,ioc,1,33,11301.05755,8,6502.237005,9,3.587681524,FALSE,FALSE,0.005486212218,0.008475715522,0.05260517192,FALSE,TRUE
,Myriad,XMY,,Myriad,0.00006876437288,0.003671341,53.39016189,0,xmy,1,34,885.5508721,43,282.5174419,47,3.659809484,FALSE,FALSE,0.01302565904,0.03735412377,0.2318412053,FALSE,FALSE
,Rubycoin,RBY,,Rubycoin,0.002000164079,0.103096148,51.54384536,0,rby,1,35,1235.921995,32,771.8833336,30,3.637166507,FALSE,FALSE,0.01254124456,0.02141947185,0.1329415783,FALSE,FALSE
,Phoenixcoin,PXC,,Phoenixcoin,0.0002557302047,0.012329156,48.21157521,0,pxc,1,36,309.504493,57,89.25084269,70,3.499227233,FALSE,FALSE,0.02811511491,0.0793910071,0.4927463135,FALSE,FALSE
,Sexcoin,SXC,,Sexcoin,0.0001950054719,0.008139725,41.7410082,0,sxc,1,37,1217.712366,33,1165.549601,21,3.113744563,FALSE,FALSE,0.01234306512,0.02026430072,0.125771921,FALSE,FALSE
,Unobtanium,UNO,,Unobtanium,1.900773371,77.41050058,40.7257918,0,uno,1,38,2466.506773,24,86.13122842,72,3.120121146,FALSE,FALSE,0.008378921516,0.07998131473,0.4964101026,FALSE,FALSE
,Vertcoin,VTC,,Vertcoin,0.01505303207,0.599004954,39.79297667,0,vtc,1,39,650.7106996,47,473.7260867,39,3.128883247,FALSE,FALSE,0.01621794677,0.02684662947,0.1666256442,FALSE,FALSE
,ExclusiveCoin,EXCL,,ExclusiveCoin,0.00293224,0.113058812,38.55714812,0,excl,1,40,1269.21981,30,990.9202709,25,3.109447429,FALSE,FALSE,0.0130263751,0.02002179245,0.124266775,FALSE,FALSE
,XRP,XRP,,XRP,0.018855,0.706366184,37.46306995,0,xrp,1,41,180.2413153,73,120.9249536,63,3.096745702,FALSE,FALSE,0.03769679852,0.0651066272,0.4040892251,FALSE,FALSE
,Blocknet,BLOCK,,Blocknet,0.0312119,1.157919711,37.09866144,0,block,1,42,1911.568661,25,1478.809992,19,3.141418912,FALSE,FALSE,0.01037891048,0.01765288529,0.1095639729,FALSE,FALSE
,DigitalNote,XDN,,DigitalNote,0.0000521452811,0.001808261,34.67736604,0,xdn,1,43,1239.080672,31,481.4709213,38,3.006303911,FALSE,FALSE,0.01291279927,0.02710990633,0.168259692,FALSE,FALSE
,GoldCoin,GLC,,GoldCoin,0.004154062339,0.135120201,32.52724441,0,glc,1,44,160.5630547,76,69.29067958,76,2.885481359,FALSE,FALSE,0.04064643515,0.09418749865,0.5845818617,FALSE,FALSE
,Infinitecoin,IFC,,Infinitecoin,0.000003901923508,0.000122557,31.40938047,0,ifc,1,45,168.9797436,75,107.1884615,67,2.849641373,FALSE,FALSE,0.03913684086,0.06906513041,0.4286579758,FALSE,FALSE
,Pinkcoin,PINK,,Pinkcoin,0.0001943760457,0.005771198,29.69089107,0,pink,1,46,581.4915422,49,283.9506935,46,2.753590704,FALSE,FALSE,0.01740773209,0.03797352478,0.2356855647,FALSE,FALSE
,Pandacoin,PND,,Pandacoin,0.00001304127684,0.000360326,27.62965655,0,pnd,1,47,185.7725385,72,60.52376923,82,2.618132778,FALSE,FALSE,0.03708238551,0.09994057813,0.6202887864,FALSE,FALSE
,Ubiq,UBQ,,Ubiq,0.007585976065,0.209187086,27.5755004,0,ubq,1,48,898.3840708,42,814.2656924,29,2.668596813,FALSE,FALSE,0.0131452952,0.0210047512,0.1303675831,FALSE,FALSE
,Mooncoin,MOON,,Mooncoin,0.000000379868,0.00000987,25.98270978,0,moon,1,49,2884.731579,22,767.3473684,31,2.566840281,FALSE,FALSE,0.007815442764,0.02085105216,0.1294136384,FALSE,FALSE
,Orbitcoin,ORB,,Orbitcoin,0.0108962,0.23681453,21.73368055,0,orb,1,50,270.930977,60,53.25474863,85,2.190895217,FALSE,FALSE,0.03051207639,0.1095732168,0.6800744897,FALSE,FALSE
,Zeitcoin,ZEIT,,Zeitcoin,0.000001764195675,0.0000383,21.70960997,0,zeit,1,51,402.3767045,53,114.5465909,64,2.232238121,FALSE,FALSE,0.02325803273,0.06765805895,0.4199248799,FALSE,FALSE
,PotCoin,POT,,PotCoin,0.0008691974639,0.017498751,20.13207784,0,pot,1,52,499.9283626,50,495.9378449,36,2.110621064,FALSE,FALSE,0.01984284298,0.02778125912,0.1724264941,FALSE,FALSE
,SmartCoin,SMC,,SmartCoin,0.000321226,0.006359648,19.79804873,0,smc,1,53,742.9682996,45,238.9079744,49,2.115517303,FALSE,FALSE,0.01483538696,0.0423696572,0.2629704944,FALSE,FALSE
,Gulden,NLG,,Gulden,0.001206874085,0.023824847,19.74095499,0,nlg,1,54,433.6944072,51,221.1979676,52,2.149216874,FALSE,FALSE,0.02242475355,0.04312183172,0.2676389227,FALSE,FALSE
,MaidSafeCoin,MAID,,MaidSafeCoin,0.039427,0.713913899,18.1072336,0,maid,1,55,32.2462668,110,24.08598169,103,2.007858564,FALSE,FALSE,0.1398329592,0.1999309824,1.240886822,FALSE,FALSE
,Stealth,XST,,Stealth,0.006357079669,0.097216176,15.29258418,0,xst,1,56,392.4052213,54,162.1899941,54,1.726582085,FALSE,FALSE,0.02340739798,0.05663225548,0.3514923935,FALSE,FALSE
,Viacoin,VIA,,Viacoin,0.03476342599,0.524807423,15.09653919,0,via,1,57,208.5077579,65,139.1369219,57,1.734884544,FALSE,FALSE,0.03659705187,0.06254094358,0.3881651149,FALSE,FALSE
,Diamond,DMD,,Diamond,0.1625266733,2.210097598,13.59836852,0,dmd,1,58,206.6422501,66,125.3194888,62,1.590131803,FALSE,FALSE,0.03636793304,0.06383683878,0.3962081868,FALSE,FALSE
,Fastcoin,FST,,Fastcoin,0.00015917096,0.001958812,12.3063403,0,fst,1,59,267.0329394,61,142.7018741,55,1.463859028,FALSE,FALSE,0.03044997954,0.06319595924,0.3922305193,FALSE,FALSE
,Auroracoin,AUR,,Auroracoin,0.01856623875,0.211699961,11.4024151,0,aur,1,60,124.8211465,80,97.42018316,69,1.379324407,FALSE,FALSE,0.04967107076,0.07378764404,0.4579686152,FALSE,FALSE
,NobleCoin,NOBL,,NobleCoin,0.00003155737868,0.000325908,10.32747375,0,nobl,1,61,390.9760759,55,66.38718354,79,1.2701127,FALSE,FALSE,0.02306581495,0.09457369145,0.5869787966,FALSE,FALSE
,GCN Coin,GCN,,GCN Coin,0.0000000476829,0.000000457,9.584148615,0,gcn,1,62,2842.431866,23,2467.505241,17,1.198018577,FALSE,FALSE,0.007586889822,0.01182427907,0.07338828585,FALSE,TRUE
,Curecoin,CURE,,Curecoin,0.007474483226,0.065147026,8.715923767,0,cure,1,63,172.0977745,74,110.7762739,66,1.107062898,FALSE,FALSE,0.03894706205,0.06784080427,0.4210591027,FALSE,FALSE
,Bitstar,BITS,,Bitstar,0.00303729504,0.02537761,8.355332513,0,bits,1,64,645.6073674,48,376.4289373,42,1.078107421,FALSE,FALSE,0.01600560008,0.03137251853,0.1947159183,FALSE,FALSE
,MintCoin,MINT,,MintCoin,0.000006844191363,0.0000553,8.079844217,0,mint,1,65,1078.835819,38,251.3304094,48,1.058850553,FALSE,FALSE,0.01209881184,0.04111453668,0.2551804936,FALSE,FALSE
,BlueCoin,BLU,,BlueCoin,0.0001578344152,0.001208409,7.656181946,0,blu,1,66,104.1518304,86,68.82420771,78,1.018766146,FALSE,FALSE,0.05537532886,0.09239444333,0.5734531277,FALSE,FALSE
,Energycoin,ENRG,,Energycoin,0.0000886525,0.000654035,7.377513324,0,enrg,1,67,5150.43752,18,3539.650248,14,0.9965592596,FALSE,FALSE,0.005350138789,0.01000905992,0.06212199035,FALSE,TRUE
,FairCoin,FAIR,,FairCoin,0.00557954,0.039098898,7.007548651,0,fair,1,68,257.5741731,62,216.5275783,53,0.9607123151,FALSE,FALSE,0.03105901458,0.04322077881,0.2682530453,FALSE,FALSE
,Bitswift,BITS,,Bitswift,0.0406489,0.277687249,6.831359496,0,bits,1,69,62.51324712,94,50.58009695,87,0.9503302524,FALSE,FALSE,0.08440764138,0.1127152728,0.6995758986,FALSE,FALSE
,Sativacoin,STV,,Sativacoin,0.000422857,0.002549971,6.030338862,0,stv,1,70,309.3952755,58,234.6310668,50,0.8510558877,FALSE,FALSE,0.02764012516,0.04227914119,0.2624086999,FALSE,FALSE
,BitBar,BTB,,BitBar,0.7669529959,4.535918979,5.914207263,0,btb,1,71,250.8132845,63,51.5862122,86,0.8465901526,FALSE,FALSE,0.03138994766,0.1118020032,0.6939076215,FALSE,FALSE
,BunnyCoin,BUN,,BunnyCoin,0.0000000970313319,0.000000565,5.82286143,0,bun,1,72,1185.814433,35,1004.123711,24,0.8452540785,FALSE,FALSE,0.01195079785,0.02058179329,0.1277424628,FALSE,FALSE
,CryptCoin,CRYPT,,CryptCoin,0.005117333628,0.028147841,5.500489717,0,crypt,1,73,192.579762,70,88.50565548,71,0.8095478818,FALSE,FALSE,0.03679365999,0.07893185418,0.489896546,FALSE,FALSE
,VeriCoin,VRC,,VeriCoin,0.009452466353,0.048958563,5.179448534,0,vrc,1,74,361.8913124,56,142.1377486,56,0.7727403055,FALSE,FALSE,0.02447459376,0.06231379731,0.3867553143,FALSE,FALSE
,ArtByte,ABY,,ArtByte,0.00007045272,0.000360461,5.116353208,0,aby,1,75,662.7964681,46,334.6815887,45,0.7736421182,FALSE,FALSE,0.01626835569,0.03293345853,0.2044040109,FALSE,FALSE
,MAZA,MAZA,,MAZA,0.00007291437833,0.00036435,4.996956819,0,mzc,0,76,100.6065844,87,66.10733882,81,0.7656627384,FALSE,FALSE,0.0566677565,0.09262900155,0.5749089311,FALSE,FALSE
,Titcoin,TIT,,Titcoin,0.0008736101671,0.004185435,4.79096416,0,tit,1,77,79.11596708,90,24.75807282,101,0.743758549,FALSE,FALSE,0.06965864559,0.1983551436,1.231106259,FALSE,FALSE
,WorldCoin,WDC,,WorldCoin,0.006422958553,0.027065599,4.21388349,0,wdc,1,78,36.81739585,106,30.77651811,96,0.6626671617,FALSE,FALSE,0.1270933257,0.1678769069,1.041940769,FALSE,FALSE
,BitShares,BTS,,BitShares,0.01372631212,0.045112819,3.286594288,0,bts,1,79,67.31022841,92,50.06244073,88,0.5234696548,FALSE,FALSE,0.08009636091,0.1125866728,0.6987777333,FALSE,FALSE
,Freicoin,FRC,,Freicoin,0.001721615259,0.00563388,3.272438467,0,frc,1,80,14.89729179,122,12.98826974,116,0.527812656,FALSE,FALSE,0.2729069034,0.3292095218,2.043263893,FALSE,FALSE
,OctoCoin,888,,OctoCoin,0.000579612,0.001864223,3.2163292,0,888,1,81,55.33270533,96,27.57085775,100,0.5252473088,FALSE,FALSE,0.09337455373,0.1799000976,1.116563615,FALSE,FALSE
,VPNCoin,VASH,,VPNCoin,0.000342359,0.000960504,2.805546225,0,vash,1,82,66.67048624,93,36.74429181,93,0.463820142,FALSE,FALSE,0.07999541677,0.1451472615,0.9008674993,FALSE,FALSE
,BlackCoin,BLK,,BlackCoin,0.02313257695,0.060931708,2.634021628,0,blk,1,83,49.62958666,99,38.87337991,92,0.4407737805,FALSE,FALSE,0.1009498839,0.1386888498,0.8607828765,FALSE,FALSE
,Riecoin,RIC,,Riecoin,0.0057857,0.014337016,2.478008884,0,ric,1,84,98.37881726,89,59.75822511,83,0.4196627949,FALSE,FALSE,0.05664871629,0.1000013572,0.6206660162,FALSE,FALSE
,Namecoin,NMC,,Namecoin,0.5655173566,1.379535702,2.43942239,0,nmc,1,85,13.27822164,123,7.374083169,123,0.4180461758,FALSE,FALSE,0.3036943074,0.5468503993,3.394068524,FALSE,FALSE
,Feathercoin,FTC,,Feathercoin,0.01292864587,0.028834259,2.230261335,0,ftc,1,86,49.18034147,100,31.87839044,95,0.3866985379,FALSE,FALSE,0.1008533054,0.1637803089,1.016514922,FALSE,FALSE
,Peercoin,PPC,,Peercoin,0.4598064801,1.013397896,2.203966103,0,ppc,1,87,20.55138351,119,10.39736049,119,0.386582764,FALSE,FALSE,0.2028120017,0.4008774374,2.488076252,FALSE,FALSE
,Quark,QRK,,Quark,0.004359153565,0.00928383,2.129732266,0,qrk,1,88,24.74815067,115,24.74815067,102,0.3778557246,FALSE,FALSE,0.174277405,0.1964892311,1.219525332,FALSE,FALSE
,Terracoin,TRC,,Terracoin,0.01341786582,0.025225806,1.880016266,0,trc,1,89,33.47506973,109,19.81335929,109,0.3373416284,FALSE,FALSE,0.1359357502,0.2296661888,1.425440638,FALSE,FALSE
,Primecoin,XPM,,Primecoin,0.07378003858,0.136053855,1.844046948,0,xpm,1,90,53.84125467,98,33.09638421,94,0.3346052931,FALSE,FALSE,0.09400272191,0.1594311847,0.989521753,FALSE,FALSE
,FlutterCoin,FLT,,FlutterCoin,0.0002083849153,0.000359059,1.723056582,0,flt,1,91,118.8458862,82,66.12328143,80,0.3161253004,FALSE,FALSE,0.05089600221,0.09376425166,0.5819549471,FALSE,FALSE
,Anoncoin,ANC,,Anoncoin,0.1536308104,0.253472939,1.649883498,0,anc,1,92,41.02302136,101,20.50298374,108,0.3060267779,FALSE,FALSE,0.1197106143,0.2239963046,1.390250072,FALSE,FALSE
,Omni,OMNI,,Omni,2.118186491,3.035169579,1.432909516,0,omni,1,93,54.72794794,97,45.1628317,90,0.2686705342,FALSE,FALSE,0.09343310419,0.1220275812,0.7573734477,FALSE,FALSE
,Digitalcoin,DGC,,Digitalcoin,0.008171967657,0.011565584,1.415275303,0,dgc,1,94,18.82890719,121,10.34903796,120,0.2682174969,FALSE,FALSE,0.2177063976,0.3993930017,2.478862989,FALSE,FALSE
,Ixcoin,IXC,,Ixcoin,0.02217944234,0.030741131,1.386019113,0,ixc,1,95,37.06590094,105,13.9184365,114,0.2654673704,FALSE,FALSE,0.1274435372,0.312598128,1.940164016,FALSE,FALSE
,NetCoin,NET,,NetCoin,0.000157637986,0.000209981,1.332045691,0,net,1,96,826704.2211,1,7612.377726,7,0.2578152951,FALSE,FALSE,0.000599972744,0.009308148571,0.05777173085,FALSE,TRUE
,Magi,XMG,,Magi,0.01898245352,0.025026644,1.318409339,0,xmg,1,97,204.1289167,67,72.85936639,75,0.2578340844,FALSE,FALSE,0.03626622427,0.09076847166,0.5633614111,FALSE,FALSE
,Acoin,ACOIN,,Acoin,0.0108810312,0.012784886,1.174970071,0,acoin,1,98,40.66774555,102,17.34357709,111,0.2321513446,FALSE,FALSE,0.1195725269,0.2576439938,1.599087009,FALSE,FALSE
,Maxcoin,MAX,,Maxcoin,0.004941265993,0.005780204,1.169781997,0,max,1,99,191.5971719,71,30.07741255,98,0.2334847131,FALSE,FALSE,0.03646147501,0.1682732676,1.044400812,FALSE,FALSE
,CacheCoin,CACH,,CacheCoin,0.00068887104,0.000804025,1.167163305,0,cach,1,100,430.417306,52,353.9879019,43,0.2353151825,FALSE,FALSE,0.02216096194,0.03258553091,0.2022445717,FALSE,FALSE
,SuperCoin,SUPER,,SuperCoin,0.001569125794,0.001812118,1.154858334,0,super,1,101,114.1552686,84,69.09005395,77,0.2351626849,FALSE,FALSE,0.05172570637,0.09323423667,0.5786653688,FALSE,FALSE
,Mincoin,MNC,,Mincoin,0.004435912,0.005073945,1.143833557,0,mnc,1,102,104.8325575,85,30.43416393,97,0.2352238362,FALSE,FALSE,0.05566299492,0.1680151974,1.04279908,FALSE,FALSE
,TagCoin,TAG,,TagCoin,0.024527,0.027566309,1.123916867,0,tag,1,103,37.11705467,104,23.20874954,106,0.2333940268,FALSE,FALSE,0.1284916277,0.2016155707,1.251342347,FALSE,FALSE
,Deutsche eMark,DEM,,Deutsche eMark,0.00381542,0.003998654,1.048024595,0,dem,1,104,22.00101168,118,13.2461957,115,0.2197470925,FALSE,FALSE,0.1910543884,0.3256062024,2.020899617,FALSE,FALSE
,Opal,OPAL,,Opal,0.01014887935,0.010427544,1.027457677,0,opal,1,105,22.41764829,117,5.671867799,124,0.2175061614,FALSE,FALSE,0.1891061981,0.7052350551,4.377094916,FALSE,FALSE
,bitCNY,BITCNY,,bitCNY,0.160785,0.157587392,0.9801125229,0,bitcny,1,106,8.055788786,125,1.121149361,126,0.2094595311,FALSE,FALSE,0.4925650492,3.511136048,21.79213247,FALSE,FALSE
,Bullion,CBX,,Bullion,0.05035803864,0.040949475,0.8131665987,0,cbx,1,107,146.1774554,77,78.02706535,74,0.1754210203,FALSE,FALSE,0.04406670252,0.08590227856,0.5331590141,FALSE,FALSE
,Nxt,NXT,,Nxt,0.01587062087,0.012263225,0.772699764,0,nxt,1,108,117.3730558,83,47.25953906,89,0.1682491422,FALSE,FALSE,0.05091376018,0.1179239963,0.7319042365,FALSE,FALSE
,Emercoin,EMC,,Emercoin,0.0945601,0.064993252,0.6873221581,0,emc,1,109,99.25454817,88,55.87346037,84,0.1510445872,FALSE,FALSE,0.05678695577,0.1056809774,0.6559170105,FALSE,FALSE
,Clams,CLAM,,Clams,1.51794,1.024452491,0.6748965644,0,clam,1,110,12.60473019,124,7.410654156,122,0.1496746413,FALSE,FALSE,0.3173411837,0.5486119963,3.405002009,FALSE,FALSE
,HoboNickels,HBN,,HoboNickels,0.00954242952,0.005782792,0.6060083533,0,hbn,1,111,5.349842755,126,2.248892578,125,0.1356188049,FALSE,FALSE,0.7358175028,1.764423983,10.95103142,FALSE,FALSE
,Bitgem,BTG,,Bitgem,0.132396,0.073661184,0.5563701622,0,xbtg,0,112,3832.404302,20,105.3247301,68,0.1256319721,FALSE,FALSE,0.006471133535,0.06925360875,0.4298277809,FALSE,FALSE
,Counterparty,XCP,,Counterparty,3.455668316,1.89321814,0.5478587546,0,xcp,1,113,26.37039179,114,12.97419289,117,0.1248145953,FALSE,FALSE,0.1649909955,0.3267499008,2.027998068,FALSE,FALSE
,CannabisCoin,CANN,,CannabisCoin,0.002747801593,0.001447602,0.5268218796,0,cann,1,114,128.8763725,79,128.8763725,61,0.121084061,FALSE,FALSE,0.04871708361,0.06309261648,0.3915891146,FALSE,FALSE
,Megacoin,MEC,,Megacoin,0.01705300023,0.008656869,0.5076449237,0,mec,1,115,27.42100135,112,23.40386589,104,0.1176999319,FALSE,FALSE,0.1615029069,0.2037796145,1.26477365,FALSE,FALSE
,Startcoin,START,,Startcoin,0.01342254784,0.005872544,0.4375133596,0,start,1,116,33.7040956,108,16.06177277,112,0.1023216728,FALSE,FALSE,0.1362621518,0.2757212103,1.711284626,FALSE,FALSE
,NuBits,USNBT,,NuBits,1.002476089,0.434593339,0.433519905,0,usnbt,1,117,1.256887834,127,1.007505327,127,0.1022617518,FALSE,FALSE,3.107287465,3.876418026,24.0592828,FALSE,FALSE
,ZcCoin,ZCC,,ZcCoin,0.00742716,0.003091805,0.4162836131,0,zcc,1,118,23.41431853,116,23.30022256,105,0.09903521441,FALSE,FALSE,0.1826174041,0.2027366696,1.258300533,FALSE,FALSE
,Novacoin,NVC,,Novacoin,0.5758958751,0.163840515,0.2844967677,0,nvc,1,119,20.19087834,120,15.49655387,113,0.06825628096,FALSE,FALSE,0.2047129037,0.2832488156,1.75800528,FALSE,FALSE
,HyperStake,HYP,,HyperStake,0.0005274282242,0.000143764,0.2725754774,0,hyp,1,120,37.2830775,103,19.76402466,110,0.06594568001,FALSE,FALSE,0.1291613864,0.2281463915,1.416007901,FALSE,FALSE
,Bitmark,BTM,,Bitmark,0.1074851974,0.023477037,0.218421118,0,marks,0,121,33.96292631,107,22.5232542,107,0.05328418404,FALSE,FALSE,0.1364874739,0.2058101364,1.277376238,FALSE,FALSE
,Truckcoin,TRK,,Truckcoin,0.000613196,0.000107711,0.1756550923,0,trk,1,122,77.40653722,91,7.49394484,121,0.04320548642,FALSE,FALSE,0.0704145883,0.5469980953,3.39498521,FALSE,FALSE
,Boolberry,BBR,,Boolberry,0.03510173336,0.005549206,0.15808923,0,bbr,1,123,122.164403,81,82.52613172,73,0.03920357922,FALSE,FALSE,0.05012472244,0.0823317464,0.5109982352,FALSE,FALSE
,NuShares,NSR,,NuShares,0.00543007816,0.000153895,0.02834121268,0,nsr,1,124,28.54208632,111,28.54208632,99,0.00708530317,FALSE,FALSE,0.1565571773,0.1755338049,1.089463888,FALSE,FALSE
,DNotes,NOTE,,DNotes,0.009884696478,0.0000838,0.00847775146,0,note,1,125,26.7547178,113,12.33773593,118,0.002136530106,FALSE,FALSE,0.1640600571,0.3406937751,2.114541783,FALSE,FALSE
,BoostCoin,BOST,,BoostCoin,0.0108184,0.0000266,0.002458773941,0,bost,1,126,55.44026843,95,40.0782001,91,0.0006246078962,FALSE,FALSE,0.09417437504,0.1359978601,0.8440810446,FALSE,FALSE
,Argentum,ARG,,Argentum,0.00211356,0.0000000232,0.00001097674067,0,arg,1,127,135.8780162,78,135.4623607,58,0.000002810576743,FALSE,FALSE,0.0467991404,0.06312989155,0.3918204652,FALSE,FALSE
,NewYorkCoin,NYC,,NewYorkCoin,0,0,0,1,0,0,128,1,128,1,128,0,FALSE,FALSE,3.875,3.875,24.05048172,FALSE,FALSE
,ECC,ECC,,ECC,0,0,0,1,0,0,129,1,129,1,129,0,FALSE,FALSE,3.84496124,3.84496124,23.86404387,FALSE,FALSE
,FLO,FLO,,FLO,0,0,0,1,0,0,130,1,130,1,130,0,FALSE,FALSE,3.815384615,3.815384615,23.68047431,FALSE,FALSE
,HempCoin,THC,,HempCoin,0,0,0,1,0,0,131,1,131,1,131,0,FALSE,FALSE,3.786259542,3.786259542,23.49970733,FALSE,FALSE
,RabbitCoin,RBBT,,RabbitCoin,0,0,0,1,0,0,132,1,132,1,132,0,FALSE,FALSE,3.757575758,3.757575758,23.32167924,FALSE,FALSE
,Emerald Crypto,EMD,,Emerald Crypto,0,0,0,1,0,0,133,1,133,1,133,0,FALSE,FALSE,3.729323308,3.729323308,23.14632827,FALSE,FALSE
,PetroDollar,XPD,,PetroDollar,0,0,0,1,0,0,134,1,134,1,134,0,FALSE,FALSE,3.701492537,3.701492537,22.97359448,FALSE,FALSE
,Dimecoin,DIME,,Dimecoin,0,0,0,1,0,0,135,1,135,1,135,0,FALSE,FALSE,3.674074074,3.674074074,22.8034197,FALSE,FALSE
,Carboncoin,CARBON,,Carboncoin,0,0,0,1,0,0,136,1,136,1,136,0,FALSE,FALSE,3.647058824,3.647058824,22.6357475,FALSE,FALSE
,42-coin,42,,42-coin,0,0,0,1,0,0,137,1,137,1,137,0,FALSE,FALSE,3.620437956,3.620437956,22.47052306,FALSE,FALSE
,e-Gulden,EFL,,e-Gulden,0,0,0,1,0,0,138,1,138,1,138,0,FALSE,FALSE,3.594202899,3.594202899,22.30769319,FALSE,FALSE
,Photon,PHO,,Photon,0,0,0,1,0,0,139,1,139,1,139,0,FALSE,FALSE,3.568345324,3.568345324,22.14720618,FALSE,FALSE
,Limitless VIP,VIP,,Limitless VIP,0,0,0,1,0,0,140,1,140,1,140,0,FALSE,FALSE,3.542857143,3.542857143,21.98901185,FALSE,FALSE
,Quebecoin,QBC,,Quebecoin,0,0,0,1,0,0,141,1,141,1,141,0,FALSE,FALSE,3.517730496,3.517730496,21.83306142,FALSE,FALSE
,Coin2.1,C2,,Coin2.1,0,0,0,1,0,0,142,1,142,1,142,0,FALSE,FALSE,3.492957746,3.492957746,21.67930746,FALSE,FALSE
,CasinoCoin,CSC,,CasinoCoin,0,0,0,1,0,0,143,1,143,1,143,0,FALSE,FALSE,3.468531469,3.468531469,21.52770391,FALSE,FALSE
,Swarm,SWARM,,Swarm,0,0,0,1,0,0,144,1,144,1,144,0,FALSE,FALSE,3.444444444,3.444444444,21.37820597,FALSE,FALSE
,Pesetacoin,PTC,,Pesetacoin,0,0,0,1,0,0,145,1,145,1,145,0,FALSE,FALSE,3.420689655,3.420689655,21.23077007,FALSE,FALSE
,Donu,DONU,,Donu,0,0,0,1,0,0,146,1,146,1,146,0,FALSE,FALSE,3.397260274,3.397260274,21.08535383,FALSE,FALSE
,Paycoin,PYC,,Paycoin,0,0,0,1,0,0,147,1,147,1,147,0,FALSE,FALSE,3.37414966,3.37414966,20.94191605,FALSE,FALSE
,PLNcoin,PLNC,,PLNcoin,0,0,0,1,0,0,148,1,148,1,148,0,FALSE,FALSE,3.351351351,3.351351351,20.80041662,FALSE,FALSE
,Prime-XI,PXI,,Prime-XI,0,0,0,1,0,0,149,1,149,1,149,0,FALSE,FALSE,3.32885906,3.32885906,20.66081651,FALSE,FALSE
,Cryptonite,XCN,,Cryptonite,0,0,0,1,0,0,150,1,150,1,150,0,FALSE,FALSE,3.306666667,3.306666667,20.52307773,FALSE,FALSE
,Zetacoin,ZET,,Zetacoin,0,0,0,1,0,0,151,1,151,1,151,0,FALSE,FALSE,3.284768212,3.284768212,20.38716331,FALSE,FALSE
,SolarCoin,SLR,,SolarCoin,0,0,0,1,0,0,152,1,152,1,152,0,FALSE,FALSE,3.263157895,3.263157895,20.25303723,FALSE,FALSE
,Blakecoin,BLC,,Blakecoin,0,0,0,1,0,0,153,1,153,1,153,0,FALSE,FALSE,3.241830065,3.241830065,20.12066444,FALSE,FALSE
,Rimbit,RBT,,Rimbit,0,0,0,1,0,0,154,1,154,1,154,0,FALSE,FALSE,3.220779221,3.220779221,19.99001078,FALSE,FALSE
,Quotient,XQN,,Quotient,0,0,0,1,0,0,155,1,155,1,155,0,FALSE,FALSE,3.2,3.2,19.86104297,FALSE,FALSE
,SpreadCoin,SPR,,SpreadCoin,0,0,0,1,0,0,156,1,156,1,156,0,FALSE,FALSE,3.179487179,3.179487179,19.73372859,FALSE,FALSE
,Datacoin,DTC,,Datacoin,0,0,0,1,0,0,157,1,157,1,157,0,FALSE,FALSE,3.159235669,3.159235669,19.60803605,FALSE,FALSE
,PayCoin,XPY,,PayCoin,0,0,0,1,0,0,158,1,158,1,158,0,FALSE,FALSE,3.139240506,3.139240506,19.48393455,FALSE,FALSE
,FuelCoin,FC2,,FuelCoin,0,0,0,1,0,0,159,1,159,1,159,0,FALSE,FALSE,3.119496855,3.119496855,19.36139409,FALSE,FALSE
,SuperNET,UNITY,,SuperNET,0,0,0,1,0,0,160,1,160,1,160,0,FALSE,FALSE,3.1,3.1,19.24038537,FALSE,FALSE
,YbCoin,YBC,,YbCoin,0,0,0,1,0,0,161,1,161,1,161,0,FALSE,FALSE,3.080745342,3.080745342,19.12087987,FALSE,FALSE
,Banx,BANX,,Banx,0,0,0,1,0,0,162,1,162,1,162,0,FALSE,FALSE,3.061728395,3.061728395,19.00284975,FALSE,FALSE
,Storjcoin X,SJCX,,Storjcoin X,0,0,0,1,0,0,163,1,163,1,163,0,FALSE,FALSE,3.042944785,3.042944785,18.88626785,FALSE,FALSE
,BitcoinDark,BTCD,,BitcoinDark,0,0,0,1,0,0,164,1,164,1,164,0,FALSE,FALSE,3.024390244,3.024390244,18.77110768,FALSE,FALSE
,bitUSD,BITUSD,,bitUSD,0,0,0,1,0,0,165,1,165,1,165,0,FALSE,FALSE,3.006060606,3.006060606,18.65734339,FALSE,FALSE
,Ethercoin,ETC,,Ethercoin,0,0,0,1,0,0,166,1,166,1,166,0,FALSE,FALSE,2.987951807,2.987951807,18.54494976,FALSE,FALSE
,Marinecoin,MTC,,Marinecoin,0,0,0,1,0,0,167,1,167,1,167,0,FALSE,FALSE,2.97005988,2.97005988,18.43390215,FALSE,FALSE
,Nxttycoin,NXTTY,,Nxttycoin,0,0,0,1,0,0,168,1,168,1,168,0,FALSE,FALSE,2.952380952,2.952380952,18.32417655,FALSE,FALSE
,Jinn,JINN,,Jinn,0,0,0,1,0,0,169,1,169,1,169,0,FALSE,FALSE,2.934911243,2.934911243,18.21574947,FALSE,FALSE
,BitShares PTS,PTS,,BitShares PTS,0,0,0,1,0,0,170,1,170,1,170,0,FALSE,FALSE,2.917647059,2.917647059,18.108598,FALSE,FALSE
,TileCoin,XTC,,TileCoin,0,0,0,1,0,0,171,1,171,1,171,0,FALSE,FALSE,2.900584795,2.900584795,18.00269976,FALSE,FALSE
,I0Coin,I0C,,I0Coin,0,0,0,1,0,0,172,1,172,1,172,0,FALSE,FALSE,2.88372093,2.88372093,17.8980329,FALSE,FALSE
,Uro,URO,,Uro,0,0,0,1,0,0,173,1,173,1,173,0,FALSE,FALSE,2.867052023,2.867052023,17.79457607,FALSE,FALSE
,BilShares,BILS,,BilShares,0,0,0,1,0,0,174,1,174,1,174,0,FALSE,FALSE,2.850574713,2.850574713,17.69230839,FALSE,FALSE
,ShadowCash,SDC,,ShadowCash,0,0,0,1,0,0,175,1,175,1,175,0,FALSE,FALSE,2.834285714,2.834285714,17.59120948,FALSE,FALSE
,NooCoin,NOO,,NooCoin,0,0,0,1,0,0,176,1,176,1,176,0,FALSE,FALSE,2.818181818,2.818181818,17.49125943,FALSE,FALSE
,XCurrency,XC,,XCurrency,0,0,0,1,0,0,177,1,177,1,177,0,FALSE,FALSE,2.802259887,2.802259887,17.39243876,FALSE,FALSE
,Gridcoin Classic,GRCX,,Gridcoin Classic,0,0,0,1,0,0,178,1,178,1,178,0,FALSE,FALSE,2.786516854,2.786516854,17.29472843,FALSE,FALSE
,Qora,QORA,,Qora,0,0,0,1,0,0,179,1,179,1,179,0,FALSE,FALSE,2.770949721,2.770949721,17.19810983,FALSE,FALSE
,UltraCoin,UTC,,UltraCoin,0,0,0,1,0,0,180,1,180,1,180,0,FALSE,FALSE,2.755555556,2.755555556,17.10256478,FALSE,FALSE
,Applecoin,APC,,Applecoin,0,0,0,1,0,0,181,1,181,1,181,0,FALSE,FALSE,2.740331492,2.740331492,17.00807547,FALSE,FALSE
,Hyper,HYPER,,Hyper,0,0,0,1,0,0,182,1,182,1,182,0,FALSE,FALSE,2.725274725,2.725274725,16.9146245,FALSE,FALSE
,CzechCrownCoin,CZC,,CzechCrownCoin,0,0,0,1,0,0,183,1,183,1,183,0,FALSE,FALSE,2.710382514,2.710382514,16.82219486,FALSE,FALSE
,ARCHcoin,ARCH,,ARCHcoin,0,0,0,1,0,0,184,1,184,1,184,0,FALSE,FALSE,2.695652174,2.695652174,16.73076989,FALSE,FALSE
,Viorcoin,VIOR,,Viorcoin,0,0,0,1,0,0,185,1,185,1,185,0,FALSE,FALSE,2.681081081,2.681081081,16.6403333,FALSE,FALSE
,Librexcoin,LXC,,Librexcoin,0,0,0,1,0,0,186,1,186,1,186,0,FALSE,FALSE,2.666666667,2.666666667,16.55086914,FALSE,FALSE
,NEMstake,NEM,,NEMstake,0,0,0,1,0,0,187,1,187,1,187,0,FALSE,FALSE,2.652406417,2.652406417,16.46236182,FALSE,FALSE
,NobleNXT,NOXT,,NobleNXT,0,0,0,1,0,0,188,1,188,1,188,0,FALSE,FALSE,2.638297872,2.638297872,16.37479606,FALSE,FALSE
,Copperlark,CLR,,Copperlark,0,0,0,1,0,0,189,1,189,1,189,0,FALSE,FALSE,2.624338624,2.624338624,16.28815693,FALSE,FALSE
,Quicksilver,QSLV,,Quicksilver,0,0,0,1,0,0,190,1,190,1,190,0,FALSE,FALSE,2.610526316,2.610526316,16.20242979,FALSE,FALSE
,Sapience AIFX,XAI,,Sapience AIFX,0,0,0,1,0,0,191,1,191,1,191,0,FALSE,FALSE,2.596858639,2.596858639,16.11760031,FALSE,FALSE
,SquareBit,SBIT,,SquareBit,0,0,0,1,0,0,192,1,192,1,192,0,FALSE,FALSE,2.583333333,2.583333333,16.03365448,FALSE,FALSE
,Bytecent,BYC,,Bytecent,0,0,0,1,0,0,193,1,193,1,193,0,FALSE,FALSE,2.569948187,2.569948187,15.95057855,FALSE,FALSE
,Boomcoin,BOOM,,Boomcoin,0,0,0,1,0,0,194,1,194,1,194,0,FALSE,FALSE,2.556701031,2.556701031,15.86835907,FALSE,FALSE
,CheckOutCoin,CXC,,CheckOutCoin,0,0,0,1,0,0,195,1,195,1,195,0,FALSE,FALSE,2.543589744,2.543589744,15.78698287,FALSE,FALSE
,SecureCoin,SRC,,SecureCoin,0,0,0,1,0,0,196,1,196,1,196,0,FALSE,FALSE,2.530612245,2.530612245,15.70643704,FALSE,FALSE
,Checkcoin,CKC,,Checkcoin,0,0,0,1,0,0,197,1,197,1,197,0,FALSE,FALSE,2.517766497,2.517766497,15.62670893,FALSE,FALSE
,NXTInspect,NXTI,,NXTInspect,0,0,0,1,0,0,198,1,198,1,198,0,FALSE,FALSE,2.505050505,2.505050505,15.54778616,FALSE,FALSE
,GamerholicCoin,GHC,,GamerholicCoin,0,0,0,1,0,0,199,1,199,1,199,0,FALSE,FALSE,2.492462312,2.492462312,15.46965658,FALSE,FALSE
,Nakamoto Dark,NKT,,Nakamoto Dark,0,0,0,1,0,0,200,1,200,1,200,0,FALSE,FALSE,2.48,2.48,15.3923083,FALSE,FALSE
,Vidio,VDO,,Vidio,0,0,0,1,0,0,201,1,201,1,201,0,FALSE,FALSE,2.467661692,2.467661692,15.31572965,FALSE,FALSE
,Quatloo,QTL,,Quatloo,0,0,0,1,0,0,202,1,202,1,202,0,FALSE,FALSE,2.455445545,2.455445545,15.23990921,FALSE,FALSE
,Blitzcash,BLITZ,,Blitzcash,0,0,0,1,0,0,203,1,203,1,203,0,FALSE,FALSE,2.443349754,2.443349754,15.16483576,FALSE,FALSE
,EventToken,EVENT,,EventToken,0,0,0,1,0,0,204,1,204,1,204,0,FALSE,FALSE,2.431372549,2.431372549,15.09049833,FALSE,FALSE
,Aliencoin,ALN,,Aliencoin,0,0,0,1,0,0,205,1,205,1,205,0,FALSE,FALSE,2.419512195,2.419512195,15.01688614,FALSE,FALSE
,Diode,DIO,,Diode,0,0,0,1,0,0,206,1,206,1,206,0,FALSE,FALSE,2.40776699,2.40776699,14.94398864,FALSE,FALSE
,MugatuCoin,MUGA,,MugatuCoin,0,0,0,1,0,0,207,1,207,1,207,0,FALSE,FALSE,2.396135266,2.396135266,14.87179546,FALSE,FALSE
,NXTventure,NXTV,,NXTventure,0,0,0,1,0,0,208,1,208,1,208,0,FALSE,FALSE,2.384615385,2.384615385,14.80029644,FALSE,FALSE
,Pangea Poker,PANGEA,,Pangea Poker,0,0,0,1,0,0,209,1,209,1,209,0,FALSE,FALSE,2.373205742,2.373205742,14.72948163,FALSE,FALSE
,InstantDEX,DEX,,InstantDEX,0,0,0,1,0,0,210,1,210,1,210,0,FALSE,FALSE,2.361904762,2.361904762,14.65934124,FALSE,FALSE
,CoinoUSD,XUSD,,CoinoUSD,0,0,0,1,0,0,211,1,211,1,211,0,FALSE,FALSE,2.3507109,2.3507109,14.58986569,FALSE,FALSE
,jl777hodl,JLH,,jl777hodl,0,0,0,1,0,0,212,1,212,1,212,0,FALSE,FALSE,2.339622642,2.339622642,14.52104556,FALSE,FALSE
,NXTprivacy,NXTprivacy,,NXTprivacy,0,0,0,1,0,0,213,1,213,1,213,0,FALSE,FALSE,2.328638498,2.328638498,14.45287164,FALSE,FALSE
,Tradebots,NXTcoinsco,,Tradebots,0,0,0,1,0,0,214,1,214,1,214,0,FALSE,FALSE,2.317757009,2.317757009,14.38533486,FALSE,FALSE
,SkyNET,SKYNET,,SkyNET,0,0,0,1,0,0,215,1,215,1,215,0,FALSE,FALSE,2.306976744,2.306976744,14.31842632,FALSE,FALSE
,Coinomat,CNMT,,Coinomat,0,0,0,1,0,0,216,1,216,1,216,0,FALSE,FALSE,2.296296296,2.296296296,14.25213731,FALSE,FALSE
,Privatebet,Privatebet,,Privatebet,0,0,0,1,0,0,217,1,217,1,217,0,FALSE,FALSE,2.285714286,2.285714286,14.18645926,FALSE,FALSE
,FreeMarket,MRKT,,FreeMarket,0,0,0,1,0,0,218,1,218,1,218,0,FALSE,FALSE,2.275229358,2.275229358,14.12138376,FALSE,FALSE
,CryptoCoins,CCS,,CryptoCoins,0,0,0,1,0,0,219,1,219,1,219,0,FALSE,FALSE,2.264840183,2.264840183,14.05690256,FALSE,FALSE
,ATOMIC,ATOMIC,,ATOMIC,0,0,0,1,0,0,220,1,220,1,220,0,FALSE,FALSE,2.254545455,2.254545455,13.99300754,FALSE,FALSE
,Node,NODE,,Node,0,0,0,1,0,0,221,1,221,1,221,0,FALSE,FALSE,2.244343891,2.244343891,13.92969077,FALSE,FALSE
,ltc2nXt,LTC2NXT,,ltc2nXt,0,0,0,1,0,0,222,1,222,1,222,0,FALSE,FALSE,2.234234234,2.234234234,13.86694441,FALSE,FALSE
,FoldingCoin,FLDC,,FoldingCoin,0,0,0,1,0,0,223,1,223,1,223,0,FALSE,FALSE,2.224215247,2.224215247,13.80476081,FALSE,FALSE
,MGW,MGW,,MGW,0,0,0,1,0,0,224,1,224,1,224,0,FALSE,FALSE,2.214285714,2.214285714,13.74313241,FALSE,FALSE
,Dogeparty,XDP,,Dogeparty,0,0,0,1,0,0,225,1,225,1,225,0,FALSE,FALSE,2.204444444,2.204444444,13.68205182,FALSE,FALSE
,MMNXT,MMNXT,,MMNXT,0,0,0,1,0,0,226,1,226,1,226,0,FALSE,FALSE,2.194690265,2.194690265,13.62151177,FALSE,FALSE
,USDe,USDE,,USDe,0,0,0,1,0,0,227,1,227,1,227,0,FALSE,FALSE,2.185022026,2.185022026,13.56150511,FALSE,FALSE
,Crypti,XCR,,Crypti,0,0,0,1,0,0,228,1,228,1,228,0,FALSE,FALSE,2.175438596,2.175438596,13.50202482,FALSE,FALSE
,NeoDICE,DICE,,NeoDICE,0,0,0,1,0,0,229,1,229,1,229,0,FALSE,FALSE,2.165938865,2.165938865,13.44306402,FALSE,FALSE
,Devcoin,DVC,,Devcoin,0,0,0,1,0,0,230,1,230,1,230,0,FALSE,FALSE,2.156521739,2.156521739,13.38461591,FALSE,FALSE
,Bithaus,BITHAUS,,Bithaus,0,0,0,1,0,0,231,1,231,1,231,0,FALSE,FALSE,2.147186147,2.147186147,13.32667385,FALSE,FALSE
,CannaCoin,CCN,,CannaCoin,0,0,0,1,0,0,232,1,232,1,232,0,FALSE,FALSE,2.137931034,2.137931034,13.26923129,FALSE,FALSE
,FIMKrypto,FIMK,,FIMKrypto,0,0,0,1,0,0,233,1,233,1,233,0,FALSE,FALSE,2.128755365,2.128755365,13.2122818,FALSE,FALSE
,Sync,SYNC,,Sync,0,0,0,1,0,0,234,1,234,1,234,0,FALSE,FALSE,2.11965812,2.11965812,13.15581906,FALSE,FALSE
,World Trade Funds,XWT,,World Trade Funds,0,0,0,1,0,0,235,1,235,1,235,0,FALSE,FALSE,2.110638298,2.110638298,13.09983685,FALSE,FALSE
,GlowShares,GSX,,GlowShares,0,0,0,1,0,0,236,1,236,1,236,0,FALSE,FALSE,2.101694915,2.101694915,13.04432907,FALSE,FALSE
,ClearingHouse,XCH,,ClearingHouse,0,0,0,1,0,0,237,1,237,1,237,0,FALSE,FALSE,2.092827004,2.092827004,12.9892897,FALSE,FALSE
,NautilusCoin,NAUT,,NautilusCoin,0,0,0,1,0,0,238,1,238,1,238,0,FALSE,FALSE,2.084033613,2.084033613,12.93471286,FALSE,FALSE
,MozzShare,MLS,,MozzShare,0,0,0,1,0,0,239,1,239,1,239,0,FALSE,FALSE,2.075313808,2.075313808,12.88059272,FALSE,FALSE
,Dorcs,DORCS,,Dorcs,0,0,0,1,0,0,240,1,240,1,240,0,FALSE,FALSE,2.066666667,2.066666667,12.82692358,FALSE,FALSE
,UnionCoin,UNC,,UnionCoin,0,0,0,1,0,0,241,1,241,1,241,0,FALSE,FALSE,2.058091286,2.058091286,12.77369983,FALSE,FALSE
,Horizon,HZ,,Horizon,0,0,0,1,0,0,242,1,242,1,242,0,FALSE,FALSE,2.049586777,2.049586777,12.72091595,FALSE,FALSE
,BearMining,BEAR,,BearMining,0,0,0,1,0,0,243,1,243,1,243,0,FALSE,FALSE,2.041152263,2.041152263,12.6685665,FALSE,FALSE
,HRNXTPool,HRNXT,,HRNXTPool,0,0,0,1,0,0,244,1,244,1,244,0,FALSE,FALSE,2.032786885,2.032786885,12.61664615,FALSE,FALSE
,Tickets,TIX,,Tickets,0,0,0,1,0,0,245,1,245,1,245,0,FALSE,FALSE,2.024489796,2.024489796,12.56514963,FALSE,FALSE
,HRLTCGEAR,HRL,,HRLTCGEAR,0,0,0,1,0,0,246,1,246,1,246,0,FALSE,FALSE,2.016260163,2.016260163,12.51407179,FALSE,FALSE
,Fibre,FIBRE,,Fibre,0,0,0,1,0,0,247,1,247,1,247,0,FALSE,FALSE,2.008097166,2.008097166,12.46340753,FALSE,FALSE
,JackpotCoin,JPC,,JackpotCoin,0,0,0,1,0,0,248,1,248,1,248,0,FALSE,FALSE,2,2,12.41315185,FALSE,FALSE
,AeroMe,AM,,AeroMe,0,0,0,1,0,0,249,1,249,1,249,0,FALSE,FALSE,1.991967871,1.991967871,12.36329984,FALSE,FALSE
,HTML5COIN,HTML5,,HTML5COIN,0,0,0,1,0,0,250,1,250,1,250,0,FALSE,FALSE,1.984,1.984,12.31384664,FALSE,FALSE
,Karmacoin,KARMA,,Karmacoin,0,0,0,1,0,0,251,1,251,1,251,0,FALSE,FALSE,1.976095618,1.976095618,12.26478749,FALSE,FALSE
,GAIA,GAIA,,GAIA,0,0,0,1,0,0,252,1,252,1,252,0,FALSE,FALSE,1.968253968,1.968253968,12.2161177,FALSE,FALSE
,Sterlingcoin,SLG,,Sterlingcoin,0,0,0,1,0,0,253,1,253,1,253,0,FALSE,FALSE,1.960474308,1.960474308,12.16783265,FALSE,FALSE
,Memorycoin,MMC,,Memorycoin,0,0,0,1,0,0,254,1,254,1,254,0,FALSE,FALSE,1.952755906,1.952755906,12.11992779,FALSE,FALSE
,TEKcoin,TEK,,TEKcoin,0,0,0,1,0,0,255,1,255,1,255,0,FALSE,FALSE,1.945098039,1.945098039,12.07239867,FALSE,FALSE
,LitecoinDark,LTCD,,LitecoinDark,0,0,0,1,0,0,256,1,256,1,256,0,FALSE,FALSE,1.9375,1.9375,12.02524086,FALSE,FALSE
,Ringo,RIN,,Ringo,0,0,0,1,0,0,257,1,257,1,257,0,FALSE,FALSE,1.929961089,1.929961089,11.97845004,FALSE,FALSE
,Colossuscoin,COL,,Colossuscoin,0,0,0,1,0,0,258,1,258,1,258,0,FALSE,FALSE,1.92248062,1.92248062,11.93202194,FALSE,FALSE
,Bottlecaps,CAP,,Bottlecaps,0,0,0,1,0,0,259,1,259,1,259,0,FALSE,FALSE,1.915057915,1.915057915,11.88595235,FALSE,FALSE
,TeslaCoin,TES,,TeslaCoin,0,0,0,1,0,0,260,1,260,1,260,0,FALSE,FALSE,1.907692308,1.907692308,11.84023715,FALSE,FALSE
,AsiaCoin,AC,,AsiaCoin,0,0,0,1,0,0,261,1,261,1,261,0,FALSE,FALSE,1.900383142,1.900383142,11.79487226,FALSE,FALSE
,Nas,NAS,,Nas,0,0,0,1,0,0,262,1,262,1,262,0,FALSE,FALSE,1.893129771,1.893129771,11.74985366,FALSE,FALSE
,NFDCoin,NFD,,NFDCoin,0,0,0,1,0,0,263,1,263,1,263,0,FALSE,FALSE,1.885931559,1.885931559,11.70517741,FALSE,FALSE
,Virtacoin,VTA,,Virtacoin,0,0,0,1,0,0,264,1,264,1,264,0,FALSE,FALSE,1.878787879,1.878787879,11.66083962,FALSE,FALSE
,CleverHash,CHASH,,CleverHash,0,0,0,1,0,0,265,1,265,1,265,0,FALSE,FALSE,1.871698113,1.871698113,11.61683645,FALSE,FALSE
,Maieuticoin,MMXIV,,Maieuticoin,0,0,0,1,0,0,266,1,266,1,266,0,FALSE,FALSE,1.864661654,1.864661654,11.57316413,FALSE,FALSE
,Cinni,CINNI,,Cinni,0,0,0,1,0,0,267,1,267,1,267,0,FALSE,FALSE,1.857677903,1.857677903,11.52981895,FALSE,FALSE
,Luckycoin,LKY,,Luckycoin,0,0,0,1,0,0,268,1,268,1,268,0,FALSE,FALSE,1.850746269,1.850746269,11.48679724,FALSE,FALSE
,BBQCoin,BQC,,BBQCoin,0,0,0,1,0,0,269,1,269,1,269,0,FALSE,FALSE,1.843866171,1.843866171,11.44409539,FALSE,FALSE
,SaffronCoin,SFR,,SaffronCoin,0,0,0,1,0,0,270,1,270,1,270,0,FALSE,FALSE,1.837037037,1.837037037,11.40170985,FALSE,FALSE
,CleanWaterCoin,WATER,,CleanWaterCoin,0,0,0,1,0,0,271,1,271,1,271,0,FALSE,FALSE,1.830258303,1.830258303,11.35963712,FALSE,FALSE
,Sonic,SSD,,Sonic,0,0,0,1,0,0,272,1,272,1,272,0,FALSE,FALSE,1.823529412,1.823529412,11.31787375,FALSE,FALSE
,FlappyCoin,FLAP,,FlappyCoin,0,0,0,1,0,0,273,1,273,1,273,0,FALSE,FALSE,1.816849817,1.816849817,11.27641634,FALSE,FALSE
,LTBcoin,LTBC,,LTBcoin,0,0,0,1,0,0,274,1,274,1,274,0,FALSE,FALSE,1.810218978,1.810218978,11.23526153,FALSE,FALSE
,Philosopher Stones,PHS,,Philosopher Stones,0,0,0,1,0,0,275,1,275,1,275,0,FALSE,FALSE,1.803636364,1.803636364,11.19440604,FALSE,FALSE
,Munne,MNE,,Munne,0,0,0,1,0,0,276,1,276,1,276,0,FALSE,FALSE,1.797101449,1.797101449,11.15384659,FALSE,FALSE
,WankCoin,WKC,,WankCoin,0,0,0,1,0,0,277,1,277,1,277,0,FALSE,FALSE,1.790613718,1.790613718,11.11358,FALSE,FALSE
,Sembro Token,SMBR,,Sembro Token,0,0,0,1,0,0,278,1,278,1,278,0,FALSE,FALSE,1.784172662,1.784172662,11.07360309,FALSE,FALSE
,Qibuck,QBK,,Qibuck,0,0,0,1,0,0,279,1,279,1,279,0,FALSE,FALSE,1.777777778,1.777777778,11.03391276,FALSE,FALSE
,Yacoin,YAC,,Yacoin,0,0,0,1,0,0,280,1,280,1,280,0,FALSE,FALSE,1.771428571,1.771428571,10.99450593,FALSE,FALSE
,MediterraneanCoin,MED,,MediterraneanCoin,0,0,0,1,0,0,281,1,281,1,281,0,FALSE,FALSE,1.765124555,1.765124555,10.95537957,FALSE,FALSE
,Mineralscoin,MIN,,Mineralscoin,0,0,0,1,0,0,282,1,282,1,282,0,FALSE,FALSE,1.758865248,1.758865248,10.91653071,FALSE,FALSE
,Dirac,XDQ,,Dirac,0,0,0,1,0,0,283,1,283,1,283,0,FALSE,FALSE,1.752650177,1.752650177,10.87795639,FALSE,FALSE
,OpalTKN,OPALTKN,,OpalTKN,0,0,0,1,0,0,284,1,284,1,284,0,FALSE,FALSE,1.746478873,1.746478873,10.83965373,FALSE,FALSE
,BattleCoin,BCX,,BattleCoin,0,0,0,1,0,0,285,1,285,1,285,0,FALSE,FALSE,1.740350877,1.740350877,10.80161986,FALSE,FALSE
,CommunityCoin,COMM,,CommunityCoin,0,0,0,1,0,0,286,1,286,1,286,0,FALSE,FALSE,1.734265734,1.734265734,10.76385196,FALSE,FALSE
,XCash,XCASH,,XCash,0,0,0,1,0,0,287,1,287,1,287,0,FALSE,FALSE,1.728222997,1.728222997,10.72634725,FALSE,FALSE
,Neutrino,NTR,,Neutrino,0,0,0,1,0,0,288,1,288,1,288,0,FALSE,FALSE,1.722222222,1.722222222,10.68910298,FALSE,FALSE
,MaryJane,MARYJ,,MaryJane,0,0,0,1,0,0,289,1,289,1,289,0,FALSE,FALSE,1.716262976,1.716262976,10.65211647,FALSE,FALSE
,MultiWalletCoin,MWC,,MultiWalletCoin,0,0,0,1,0,0,290,1,290,1,290,0,FALSE,FALSE,1.710344828,1.710344828,10.61538503,FALSE,FALSE
,Particle,PRT,,Particle,0,0,0,1,0,0,291,1,291,1,291,0,FALSE,FALSE,1.704467354,1.704467354,10.57890605,FALSE,FALSE
,Razor,RZR,,Razor,0,0,0,1,0,0,292,1,292,1,292,0,FALSE,FALSE,1.698630137,1.698630137,10.54267692,FALSE,FALSE
,CryptoEscudo,CESC,,CryptoEscudo,0,0,0,1,0,0,293,1,293,1,293,0,FALSE,FALSE,1.692832765,1.692832765,10.50669508,FALSE,FALSE
,Kore,KORE,,Kore,0,0,0,1,0,0,294,1,294,1,294,0,FALSE,FALSE,1.68707483,1.68707483,10.47095803,FALSE,FALSE
,Heavycoin,HVC,,Heavycoin,0,0,0,1,0,0,295,1,295,1,295,0,FALSE,FALSE,1.681355932,1.681355932,10.43546325,FALSE,FALSE
,DarkCash,DRKC,,DarkCash,0,0,0,1,0,0,296,1,296,1,296,0,FALSE,FALSE,1.675675676,1.675675676,10.40020831,FALSE,FALSE
,GlobalCoin,GLC,,GlobalCoin,0,0,0,1,0,0,297,1,297,1,297,0,FALSE,FALSE,1.67003367,1.67003367,10.36519077,FALSE,FALSE
,Snowballs,BALLS,,Snowballs,0,0,0,1,0,0,298,1,298,1,298,0,FALSE,FALSE,1.66442953,1.66442953,10.33040825,FALSE,FALSE
,bitBTC,BITBTC,,bitBTC,0,0,0,1,0,0,299,1,299,1,299,0,FALSE,FALSE,1.658862876,1.658862876,10.29585839,FALSE,FALSE
,NoirShares,NRS,,NoirShares,0,0,0,1,0,0,300,1,300,1,300,0,FALSE,FALSE,1.653333333,1.653333333,10.26153887,FALSE,FALSE
,RedCoin,RED,,RedCoin,0,0,0,1,0,0,301,1,301,1,301,0,FALSE,FALSE,1.647840532,1.647840532,10.22744737,FALSE,FALSE
,RootCoin,ROOT,,RootCoin,0,0,0,1,0,0,302,1,302,1,302,0,FALSE,FALSE,1.642384106,1.642384106,10.19358165,FALSE,FALSE
,ltc2nXt3,LTC2NXT3,,ltc2nXt3,0,0,0,1,0,0,303,1,303,1,303,0,FALSE,FALSE,1.636963696,1.636963696,10.15993947,FALSE,FALSE
,Omnicoin,OMC,,Omnicoin,0,0,0,1,0,0,304,1,304,1,304,0,FALSE,FALSE,1.631578947,1.631578947,10.12651862,FALSE,FALSE
,FreshCoin,FRSH,,FreshCoin,0,0,0,1,0,0,305,1,305,1,305,0,FALSE,FALSE,1.626229508,1.626229508,10.09331692,FALSE,FALSE
,SeedCoin,SEED,,SeedCoin,0,0,0,1,0,0,306,1,306,1,306,0,FALSE,FALSE,1.620915033,1.620915033,10.06033222,FALSE,FALSE
,LiteBar,LTB,,LiteBar,0,0,0,1,0,0,307,1,307,1,307,0,FALSE,FALSE,1.615635179,1.615635179,10.02756241,FALSE,FALSE
,bitGold,BITGOLD,,bitGold,0,0,0,1,0,0,308,1,308,1,308,0,FALSE,FALSE,1.61038961,1.61038961,9.995005388,FALSE,FALSE
,Zedcoin,ZED,,Zedcoin,0,0,0,1,0,0,309,1,309,1,309,0,FALSE,FALSE,1.605177994,1.605177994,9.962659093,FALSE,FALSE
,ProfitCoin,PFC,,ProfitCoin,0,0,0,1,0,0,310,1,310,1,310,0,FALSE,FALSE,1.6,1.6,9.930521483,FALSE,FALSE
,Functioncoin,FCC,,Functioncoin,0,0,0,1,0,0,311,1,311,1,311,0,FALSE,FALSE,1.594855305,1.594855305,9.898590546,FALSE,FALSE
,NXTmovie,NXTMOVIE,,NXTmovie,0,0,0,1,0,0,312,1,312,1,312,0,FALSE,FALSE,1.58974359,1.58974359,9.866864294,FALSE,FALSE
,ContinuumCoin,CTM,,ContinuumCoin,0,0,0,1,0,0,313,1,313,1,313,0,FALSE,FALSE,1.584664537,1.584664537,9.835340766,FALSE,FALSE
,CoolCoin,COOL,,CoolCoin,0,0,0,1,0,0,314,1,314,1,314,0,FALSE,FALSE,1.579617834,1.579617834,9.804018024,FALSE,FALSE
,Piggycoin,PIGGY,,Piggycoin,0,0,0,1,0,0,315,1,315,1,315,0,FALSE,FALSE,1.574603175,1.574603175,9.772894158,FALSE,FALSE
,GrandCoin,GDC,,GrandCoin,0,0,0,1,0,0,316,1,316,1,316,0,FALSE,FALSE,1.569620253,1.569620253,9.741967277,FALSE,FALSE
,DigitalPrice,DP,,DigitalPrice,0,0,0,1,0,0,317,1,317,1,317,0,FALSE,FALSE,1.56466877,1.56466877,9.711235519,FALSE,FALSE
,Guarany,GUA,,Guarany,0,0,0,1,0,0,318,1,318,1,318,0,FALSE,FALSE,1.559748428,1.559748428,9.680697043,FALSE,FALSE
,Kittehcoin,MEOW,,Kittehcoin,0,0,0,1,0,0,319,1,319,1,319,0,FALSE,FALSE,1.554858934,1.554858934,9.65035003,FALSE,FALSE
,TrustPlus,TRUST,,TrustPlus,0,0,0,1,0,0,320,1,320,1,320,0,FALSE,FALSE,1.55,1.55,9.620192686,FALSE,FALSE
,Fantomcoin,FCN,,Fantomcoin,0,0,0,1,0,0,321,1,321,1,321,0,FALSE,FALSE,1.54517134,1.54517134,9.590223239,FALSE,FALSE
,Umbrella-LTC,ULTC,,Umbrella-LTC,0,0,0,1,0,0,322,1,322,1,322,0,FALSE,FALSE,1.540372671,1.540372671,9.560439937,FALSE,FALSE
,CAIx,CAIx,,CAIx,0,0,0,1,0,0,323,1,323,1,323,0,FALSE,FALSE,1.535603715,1.535603715,9.530841052,FALSE,FALSE
,GameLeagueCoin,GML,,GameLeagueCoin,0,0,0,1,0,0,324,1,324,1,324,0,FALSE,FALSE,1.530864198,1.530864198,9.501424875,FALSE,FALSE
,NTX,NTX,,NTX,0,0,0,1,0,0,325,1,325,1,325,0,FALSE,FALSE,1.526153846,1.526153846,9.472189722,FALSE,FALSE
,Spark,SPARK,,Spark,0,0,0,1,0,0,326,1,326,1,326,0,FALSE,FALSE,1.521472393,1.521472393,9.443133925,FALSE,FALSE
,Saturn2Coin,SAT2,,Saturn2Coin,0,0,0,1,0,0,327,1,327,1,327,0,FALSE,FALSE,1.516819572,1.516819572,9.41425584,FALSE,FALSE
,AsicCoin,ASC,,AsicCoin,0,0,0,1,0,0,328,1,328,1,328,0,FALSE,FALSE,1.512195122,1.512195122,9.38555384,FALSE,FALSE
,UtilityCoin,UTIL,,UtilityCoin,0,0,0,1,0,0,329,1,329,1,329,0,FALSE,FALSE,1.507598784,1.507598784,9.357026321,FALSE,FALSE
,KeyCoin,KEY,,KeyCoin,0,0,0,1,0,0,330,1,330,1,330,0,FALSE,FALSE,1.503030303,1.503030303,9.328671696,FALSE,FALSE
,Murraycoin,MRY,,Murraycoin,0,0,0,1,0,0,331,1,331,1,331,0,FALSE,FALSE,1.498489426,1.498489426,9.300488398,FALSE,FALSE
,BetaCoin,BET,,BetaCoin,0,0,0,1,0,0,332,1,332,1,332,0,FALSE,FALSE,1.493975904,1.493975904,9.272474878,FALSE,FALSE
,HunterCoin,HUC,,HunterCoin,0,0,0,1,0,0,333,1,333,1,333,0,FALSE,FALSE,1.489489489,1.489489489,9.244629609,FALSE,FALSE
,ApexCoin,APEX,,ApexCoin,0,0,0,1,0,0,334,1,334,1,334,0,FALSE,FALSE,1.48502994,1.48502994,9.216951077,FALSE,FALSE
,LottoCoin,LOT,,LottoCoin,0,0,0,1,0,0,335,1,335,1,335,0,FALSE,FALSE,1.480597015,1.480597015,9.18943779,FALSE,FALSE
,CryptoBuck,BUK,,CryptoBuck,0,0,0,1,0,0,336,1,336,1,336,0,FALSE,FALSE,1.476190476,1.476190476,9.162088273,FALSE,FALSE
,Ghostcoin,GHOST,,Ghostcoin,0,0,0,1,0,0,337,1,337,1,337,0,FALSE,FALSE,1.471810089,1.471810089,9.134901067,FALSE,FALSE
,Electron,ELT,,Electron,0,0,0,1,0,0,338,1,338,1,338,0,FALSE,FALSE,1.467455621,1.467455621,9.107874733,FALSE,FALSE
,UnbreakableCoin,UNB,,UnbreakableCoin,0,0,0,1,0,0,339,1,339,1,339,0,FALSE,FALSE,1.463126844,1.463126844,9.081007846,FALSE,FALSE
,SHACoin,SHA,,SHACoin,0,0,0,1,0,0,340,1,340,1,340,0,FALSE,FALSE,1.458823529,1.458823529,9.054298999,FALSE,FALSE
,RonPaulCoin,RPC,,RonPaulCoin,0,0,0,1,0,0,341,1,341,1,341,0,FALSE,FALSE,1.454545455,1.454545455,9.027746803,FALSE,FALSE
,GrowthCoin,GRW,,GrowthCoin,0,0,0,1,0,0,342,1,342,1,342,0,FALSE,FALSE,1.450292398,1.450292398,9.001349882,FALSE,FALSE
,Franko,FRK,,Franko,0,0,0,1,0,0,343,1,343,1,343,0,FALSE,FALSE,1.44606414,1.44606414,8.975106879,FALSE,FALSE
,SpainCoin,SPA,,SpainCoin,0,0,0,1,0,0,344,1,344,1,344,0,FALSE,FALSE,1.441860465,1.441860465,8.949016452,FALSE,FALSE
,GreenBacks,GB,,GreenBacks,0,0,0,1,0,0,345,1,345,1,345,0,FALSE,FALSE,1.437681159,1.437681159,8.923077274,FALSE,FALSE
,VootCoin,VOOT,,VootCoin,0,0,0,1,0,0,346,1,346,1,346,0,FALSE,FALSE,1.433526012,1.433526012,8.897288034,FALSE,FALSE
,Execoin,EXE,,Execoin,0,0,0,1,0,0,347,1,347,1,347,0,FALSE,FALSE,1.429394813,1.429394813,8.871647434,FALSE,FALSE
,DayTraderCoin,DTC,,DayTraderCoin,0,0,0,1,0,0,348,1,348,1,348,0,FALSE,FALSE,1.425287356,1.425287356,8.846154194,FALSE,FALSE
,Animecoin,ANI,,Animecoin,0,0,0,1,0,0,349,1,349,1,349,0,FALSE,FALSE,1.421203438,1.421203438,8.820807048,FALSE,FALSE
,Libertycoin,XLB,,Libertycoin,0,0,0,1,0,0,350,1,350,1,350,0,FALSE,FALSE,1.417142857,1.417142857,8.795604742,FALSE,FALSE
,XxXcoin,XXX,,XxXcoin,0,0,0,1,0,0,351,1,351,1,351,0,FALSE,FALSE,1.413105413,1.413105413,8.770546039,FALSE,FALSE
,HamRadioCoin,HAM,,HamRadioCoin,0,0,0,1,0,0,352,1,352,1,352,0,FALSE,FALSE,1.409090909,1.409090909,8.745629715,FALSE,FALSE
,StableCoin,SBC,,StableCoin,0,0,0,1,0,0,353,1,353,1,353,0,FALSE,FALSE,1.40509915,1.40509915,8.72085456,FALSE,FALSE
,Silkcoin,SILK,,Silkcoin,0,0,0,1,0,0,354,1,354,1,354,0,FALSE,FALSE,1.401129944,1.401129944,8.696219378,FALSE,FALSE
,X-Children,CHILD,,X-Children,0,0,0,1,0,0,355,1,355,1,355,0,FALSE,FALSE,1.397183099,1.397183099,8.671722985,FALSE,FALSE
,Isracoin,ISR,,Isracoin,0,0,0,1,0,0,356,1,356,1,356,0,FALSE,FALSE,1.393258427,1.393258427,8.647364213,FALSE,FALSE
,LeafCoin,LEAF,,LeafCoin,0,0,0,1,0,0,357,1,357,1,357,0,FALSE,FALSE,1.389355742,1.389355742,8.623141904,FALSE,FALSE
,Kryptkoin,KTK,,Kryptkoin,0,0,0,1,0,0,358,1,358,1,358,0,FALSE,FALSE,1.38547486,1.38547486,8.599054915,FALSE,FALSE
,ROXcoin,ROX,,ROXcoin,0,0,0,1,0,0,359,1,359,1,359,0,FALSE,FALSE,1.381615599,1.381615599,8.575102116,FALSE,FALSE
,QuazarCoin,QCN,,QuazarCoin,0,0,0,1,0,0,360,1,360,1,360,0,FALSE,FALSE,1.377777778,1.377777778,8.551282388,FALSE,FALSE
,IncognitoCoin,ICG,,IncognitoCoin,0,0,0,1,0,0,361,1,361,1,361,0,FALSE,FALSE,1.373961219,1.373961219,8.527594625,FALSE,FALSE
,Greencoin,GRE,,Greencoin,0,0,0,1,0,0,362,1,362,1,362,0,FALSE,FALSE,1.370165746,1.370165746,8.504037734,FALSE,FALSE
,Gapcoin,GAP,,Gapcoin,0,0,0,1,0,0,363,1,363,1,363,0,FALSE,FALSE,1.366391185,1.366391185,8.480610633,FALSE,FALSE
,Triangles,TRI,,Triangles,0,0,0,1,0,0,364,1,364,1,364,0,FALSE,FALSE,1.362637363,1.362637363,8.457312252,FALSE,FALSE
,Dashcoin,DSH,,Dashcoin,0,0,0,1,0,0,365,1,365,1,365,0,FALSE,FALSE,1.35890411,1.35890411,8.434141533,FALSE,FALSE
,FAILCoin,FAIL,,FAILCoin,0,0,0,1,0,0,366,1,366,1,366,0,FALSE,FALSE,1.355191257,1.355191257,8.411097431,FALSE,FALSE
,VegasCoin,VGC,,VegasCoin,0,0,0,1,0,0,367,1,367,1,367,0,FALSE,FALSE,1.351498638,1.351498638,8.388178909,FALSE,FALSE
,CAPTcoin,CAPT,,CAPTcoin,0,0,0,1,0,0,368,1,368,1,368,0,FALSE,FALSE,1.347826087,1.347826087,8.365384945,FALSE,FALSE
,MonetaVerde,MCN,,MonetaVerde,0,0,0,1,0,0,369,1,369,1,369,0,FALSE,FALSE,1.344173442,1.344173442,8.342714525,FALSE,FALSE
,ShieldCoin,SHLD,,ShieldCoin,0,0,0,1,0,0,370,1,370,1,370,0,FALSE,FALSE,1.340540541,1.340540541,8.320166648,FALSE,FALSE
,Catcoin,CAT,,Catcoin,0,0,0,1,0,0,371,1,371,1,371,0,FALSE,FALSE,1.336927224,1.336927224,8.297740323,FALSE,FALSE
,CraigsCoin,CRAIG,,CraigsCoin,0,0,0,1,0,0,372,1,372,1,372,0,FALSE,FALSE,1.333333333,1.333333333,8.275434569,FALSE,FALSE
,TacoCoin,TCO,,TacoCoin,0,0,0,1,0,0,373,1,373,1,373,0,FALSE,FALSE,1.329758713,1.329758713,8.253248417,FALSE,FALSE
,Diem,DIEM,,Diem,0,0,0,1,0,0,374,1,374,1,374,0,FALSE,FALSE,1.326203209,1.326203209,8.231180908,FALSE,FALSE
,Joulecoin,XJO,,Joulecoin,0,0,0,1,0,0,375,1,375,1,375,0,FALSE,FALSE,1.322666667,1.322666667,8.209231092,FALSE,FALSE
,KlondikeCoin,KDC,,KlondikeCoin,0,0,0,1,0,0,376,1,376,1,376,0,FALSE,FALSE,1.319148936,1.319148936,8.187398031,FALSE,FALSE
,ach,ACH,,ach,0,0,0,1,0,0,377,1,377,1,377,0,FALSE,FALSE,1.315649867,1.315649867,8.165680795,FALSE,FALSE
,microCoin,MRC,,microCoin,0,0,0,1,0,0,378,1,378,1,378,0,FALSE,FALSE,1.312169312,1.312169312,8.144078465,FALSE,FALSE
,Halcyon,HAL,,Halcyon,0,0,0,1,0,0,379,1,379,1,379,0,FALSE,FALSE,1.308707124,1.308707124,8.122590131,FALSE,FALSE
,ShibeCoin,SHIBE,,ShibeCoin,0,0,0,1,0,0,380,1,380,1,380,0,FALSE,FALSE,1.305263158,1.305263158,8.101214894,FALSE,FALSE
,Polcoin,PLC,,Polcoin,0,0,0,1,0,0,381,1,381,1,381,0,FALSE,FALSE,1.30183727,1.30183727,8.079951863,FALSE,FALSE
,Fractalcoin,FRAC,,Fractalcoin,0,0,0,1,0,0,382,1,382,1,382,0,FALSE,FALSE,1.298429319,1.298429319,8.058800156,FALSE,FALSE
,TorCoin,TOR,,TorCoin,0,0,0,1,0,0,383,1,383,1,383,0,FALSE,FALSE,1.295039164,1.295039164,8.037758902,FALSE,FALSE
,CageCoin,CAGE,,CageCoin,0,0,0,1,0,0,384,1,384,1,384,0,FALSE,FALSE,1.291666667,1.291666667,8.016827239,FALSE,FALSE
,Aiden,ADN,,Aiden,0,0,0,1,0,0,385,1,385,1,385,0,FALSE,FALSE,1.288311688,1.288311688,7.996004311,FALSE,FALSE
,GoldReserve,XGR,,GoldReserve,0,0,0,1,0,0,386,1,386,1,386,0,FALSE,FALSE,1.284974093,1.284974093,7.975289274,FALSE,FALSE
,VirtualMiningCoin,VMC,,VirtualMiningCoin,0,0,0,1,0,0,387,1,387,1,387,0,FALSE,FALSE,1.281653747,1.281653747,7.954681291,FALSE,FALSE
,Guncoin,GUN,,Guncoin,0,0,0,1,0,0,388,1,388,1,388,0,FALSE,FALSE,1.278350515,1.278350515,7.934179535,FALSE,FALSE
,XCloudcoin,XCLD,,XCloudcoin,0,0,0,1,0,0,389,1,389,1,389,0,FALSE,FALSE,1.275064267,1.275064267,7.913783187,FALSE,FALSE
,LottoShares,LTS,,LottoShares,0,0,0,1,0,0,390,1,390,1,390,0,FALSE,FALSE,1.271794872,1.271794872,7.893491435,FALSE,FALSE
,Emucoin,EMU,,Emucoin,0,0,0,1,0,0,391,1,391,1,391,0,FALSE,FALSE,1.268542199,1.268542199,7.873303477,FALSE,FALSE
,GrowCoin,GROW,,GrowCoin,0,0,0,1,0,0,392,1,392,1,392,0,FALSE,FALSE,1.265306122,1.265306122,7.85321852,FALSE,FALSE
,Kingdom Coin,KING,,Kingdom Coin,0,0,0,1,0,0,393,1,393,1,393,0,FALSE,FALSE,1.262086514,1.262086514,7.833235775,FALSE,FALSE
,OpenSourcecoin,OSC,,OpenSourcecoin,0,0,0,1,0,0,394,1,394,1,394,0,FALSE,FALSE,1.258883249,1.258883249,7.813354466,FALSE,FALSE
,Guerillacoin,GUE,,Guerillacoin,0,0,0,1,0,0,395,1,395,1,395,0,FALSE,FALSE,1.255696203,1.255696203,7.793573822,FALSE,FALSE
,LegendaryCoin,LGD,,LegendaryCoin,0,0,0,1,0,0,396,1,396,1,396,0,FALSE,FALSE,1.252525253,1.252525253,7.77389308,FALSE,FALSE
,Lightspeed,LSD,,Lightspeed,0,0,0,1,0,0,397,1,397,1,397,0,FALSE,FALSE,1.249370277,1.249370277,7.754311485,FALSE,FALSE
,Junkcoin,JKC,,Junkcoin,0,0,0,1,0,0,398,1,398,1,398,0,FALSE,FALSE,1.246231156,1.246231156,7.734828291,FALSE,FALSE
,Glyph,GLYPH,,Glyph,0,0,0,1,0,0,399,1,399,1,399,0,FALSE,FALSE,1.243107769,1.243107769,7.715442756,FALSE,FALSE
,Elacoin,ELC,,Elacoin,0,0,0,1,0,0,400,1,400,1,400,0,FALSE,FALSE,1.24,1.24,7.696154149,FALSE,FALSE
,RipoffCoin,RIPO,,RipoffCoin,0,0,0,1,0,0,401,1,401,1,401,0,FALSE,FALSE,1.236907731,1.236907731,7.676961745,FALSE,FALSE
,Benjamins,BEN,,Benjamins,0,0,0,1,0,0,402,1,402,1,402,0,FALSE,FALSE,1.233830846,1.233830846,7.657864825,FALSE,FALSE
,CRTCoin,CRT,,CRTCoin,0,0,0,1,0,0,403,1,403,1,403,0,FALSE,FALSE,1.230769231,1.230769231,7.638862679,FALSE,FALSE
,StabilityShares,XSI,,StabilityShares,0,0,0,1,0,0,404,1,404,1,404,0,FALSE,FALSE,1.227722772,1.227722772,7.619954603,FALSE,FALSE
,CandyCoin,YUM,,CandyCoin,0,0,0,1,0,0,405,1,405,1,405,0,FALSE,FALSE,1.224691358,1.224691358,7.6011399,FALSE,FALSE
,Solcoin,SOL,,Solcoin,0,0,0,1,0,0,406,1,406,1,406,0,FALSE,FALSE,1.221674877,1.221674877,7.582417881,FALSE,FALSE
,Cryptographic Anomaly,CGA,,Cryptographic Anomaly,0,0,0,1,0,0,407,1,407,1,407,0,FALSE,FALSE,1.218673219,1.218673219,7.563787862,FALSE,FALSE
,Bitcoin Fast,BCF,,Bitcoin Fast,0,0,0,1,0,0,408,1,408,1,408,0,FALSE,FALSE,1.215686275,1.215686275,7.545249166,FALSE,FALSE
,Pesa,PES,,Pesa,0,0,0,1,0,0,409,1,409,1,409,0,FALSE,FALSE,1.212713936,1.212713936,7.526801124,FALSE,FALSE
,Moneta,MNTA,,Moneta,0,0,0,1,0,0,410,1,410,1,410,0,FALSE,FALSE,1.209756098,1.209756098,7.508443072,FALSE,FALSE
,1Coin,ONE,,1Coin,0,0,0,1,0,0,411,1,411,1,411,0,FALSE,FALSE,1.206812652,1.206812652,7.490174354,FALSE,FALSE
,Judgecoin,JUDGE,,Judgecoin,0,0,0,1,0,0,412,1,412,1,412,0,FALSE,FALSE,1.203883495,1.203883495,7.47199432,FALSE,FALSE
,EthereumDark,ETD,,EthereumDark,0,0,0,1,0,0,413,1,413,1,413,0,FALSE,FALSE,1.200968523,1.200968523,7.453902324,FALSE,FALSE
,BritCoin,BRIT,,BritCoin,0,0,0,1,0,0,414,1,414,1,414,0,FALSE,FALSE,1.198067633,1.198067633,7.435897729,FALSE,FALSE
,SocialxBot,XBOT,,SocialxBot,0,0,0,1,0,0,415,1,415,1,415,0,FALSE,FALSE,1.195180723,1.195180723,7.417979903,FALSE,FALSE
,RosCoin,ROS,,RosCoin,0,0,0,1,0,0,416,1,416,1,416,0,FALSE,FALSE,1.192307692,1.192307692,7.40014822,FALSE,FALSE
,LemurCoin,LMR,,LemurCoin,0,0,0,1,0,0,417,1,417,1,417,0,FALSE,FALSE,1.189448441,1.189448441,7.382402062,FALSE,FALSE
,WhistleCoin,WSTL,,WhistleCoin,0,0,0,1,0,0,418,1,418,1,418,0,FALSE,FALSE,1.186602871,1.186602871,7.364740813,FALSE,FALSE
,Techcoin,TECH,,Techcoin,0,0,0,1,0,0,419,1,419,1,419,0,FALSE,FALSE,1.183770883,1.183770883,7.347163866,FALSE,FALSE
,MalibuCoin,MAL,,MalibuCoin,0,0,0,1,0,0,420,1,420,1,420,0,FALSE,FALSE,1.180952381,1.180952381,7.329670618,FALSE,FALSE
,FireFlyCoin,FFC,,FireFlyCoin,0,0,0,1,0,0,421,1,421,1,421,0,FALSE,FALSE,1.178147268,1.178147268,7.312260474,FALSE,FALSE
,Kumacoin,KUMA,,Kumacoin,0,0,0,1,0,0,422,1,422,1,422,0,FALSE,FALSE,1.17535545,1.17535545,7.294932843,FALSE,FALSE
,IcebergCoin,ICB,,IcebergCoin,0,0,0,1,0,0,423,1,423,1,423,0,FALSE,FALSE,1.172576832,1.172576832,7.277687139,FALSE,FALSE
,CannabisDarkcoin,CND,,CannabisDarkcoin,0,0,0,1,0,0,424,1,424,1,424,0,FALSE,FALSE,1.169811321,1.169811321,7.260522782,FALSE,FALSE
,Quarkbar,QB,,Quarkbar,0,0,0,1,0,0,425,1,425,1,425,0,FALSE,FALSE,1.167058824,1.167058824,7.243439199,FALSE,FALSE
,ESportsCoin,ESC,,ESportsCoin,0,0,0,1,0,0,426,1,426,1,426,0,FALSE,FALSE,1.164319249,1.164319249,7.226435821,FALSE,FALSE
,Nyancoin,NYAN,,Nyancoin,0,0,0,1,0,0,427,1,427,1,427,0,FALSE,FALSE,1.161592506,1.161592506,7.209512084,FALSE,FALSE
,Spots,SPT,,Spots,0,0,0,1,0,0,428,1,428,1,428,0,FALSE,FALSE,1.158878505,1.158878505,7.192667429,FALSE,FALSE
,Neocoin,NEC,,Neocoin,0,0,0,1,0,0,429,1,429,1,429,0,FALSE,FALSE,1.156177156,1.156177156,7.175901305,FALSE,FALSE
,Cashcoin,CASH,,Cashcoin,0,0,0,1,0,0,430,1,430,1,430,0,FALSE,FALSE,1.153488372,1.153488372,7.159213162,FALSE,FALSE
,ShadeCoin,SHADE,,ShadeCoin,0,0,0,1,0,0,431,1,431,1,431,0,FALSE,FALSE,1.150812065,1.150812065,7.142602459,FALSE,FALSE
,CrackCoin,CRACK,,CrackCoin,0,0,0,1,0,0,432,1,432,1,432,0,FALSE,FALSE,1.148148148,1.148148148,7.126068657,FALSE,FALSE
,RotoCoin,RT2,,RotoCoin,0,0,0,1,0,0,433,1,433,1,433,0,FALSE,FALSE,1.145496536,1.145496536,7.109611223,FALSE,FALSE
,ImperialCoin,IPC,,ImperialCoin,0,0,0,1,0,0,434,1,434,1,434,0,FALSE,FALSE,1.142857143,1.142857143,7.093229631,FALSE,FALSE
,Noirbits,NRB,,Noirbits,0,0,0,1,0,0,435,1,435,1,435,0,FALSE,FALSE,1.140229885,1.140229885,7.076923356,FALSE,FALSE
,CorgiCoin,CORG,,CorgiCoin,0,0,0,1,0,0,436,1,436,1,436,0,FALSE,FALSE,1.137614679,1.137614679,7.06069188,FALSE,FALSE
,PHCoin,PHC,,PHCoin,0,0,0,1,0,0,437,1,437,1,437,0,FALSE,FALSE,1.135011442,1.135011442,7.04453469,FALSE,FALSE
,Axron,AXR,,Axron,0,0,0,1,0,0,438,1,438,1,438,0,FALSE,FALSE,1.132420091,1.132420091,7.028451278,FALSE,FALSE
,Conspiracycoin,CYC,,Conspiracycoin,0,0,0,1,0,0,439,1,439,1,439,0,FALSE,FALSE,1.129840547,1.129840547,7.012441138,FALSE,FALSE
,PotatoCoin,SPUDS,,PotatoCoin,0,0,0,1,0,0,440,1,440,1,440,0,FALSE,FALSE,1.127272727,1.127272727,6.996503772,FALSE,FALSE
,ProsperCoin,PRC,,ProsperCoin,0,0,0,1,0,0,441,1,441,1,441,0,FALSE,FALSE,1.124716553,1.124716553,6.980638684,FALSE,FALSE
,Dobbscoin,BOB,,Dobbscoin,0,0,0,1,0,0,442,1,442,1,442,0,FALSE,FALSE,1.122171946,1.122171946,6.964845384,FALSE,FALSE
,BlazeCoin,BLZ,,BlazeCoin,0,0,0,1,0,0,443,1,443,1,443,0,FALSE,FALSE,1.119638826,1.119638826,6.949123385,FALSE,FALSE
,Lycancoin,LYC,,Lycancoin,0,0,0,1,0,0,444,1,444,1,444,0,FALSE,FALSE,1.117117117,1.117117117,6.933472206,FALSE,FALSE
,Ekrona,KRN,,Ekrona,0,0,0,1,0,0,445,1,445,1,445,0,FALSE,FALSE,1.114606742,1.114606742,6.91789137,FALSE,FALSE
,Bancorcoin,BNCR,,Bancorcoin,0,0,0,1,0,0,446,1,446,1,446,0,FALSE,FALSE,1.112107623,1.112107623,6.902380403,FALSE,FALSE
,Canada eCoin,CDN,,Canada eCoin,0,0,0,1,0,0,447,1,447,1,447,0,FALSE,FALSE,1.109619687,1.109619687,6.886938836,FALSE,FALSE
,BatCoin,BAT,,BatCoin,0,0,0,1,0,0,448,1,448,1,448,0,FALSE,FALSE,1.107142857,1.107142857,6.871566205,FALSE,FALSE
,DarkShibe,DSB,,DarkShibe,0,0,0,1,0,0,449,1,449,1,449,0,FALSE,FALSE,1.10467706,1.10467706,6.856262048,FALSE,FALSE
,Unattainium,UNAT,,Unattainium,0,0,0,1,0,0,450,1,450,1,450,0,FALSE,FALSE,1.102222222,1.102222222,6.84102591,FALSE,FALSE
,Fetish,FETISH,,Fetish,0,0,0,1,0,0,451,1,451,1,451,0,FALSE,FALSE,1.099778271,1.099778271,6.825857338,FALSE,FALSE
,Heisenberg,HEX,,Heisenberg,0,0,0,1,0,0,452,1,452,1,452,0,FALSE,FALSE,1.097345133,1.097345133,6.810755884,FALSE,FALSE
,Hirocoin,HIRO,,Hirocoin,0,0,0,1,0,0,453,1,453,1,453,0,FALSE,FALSE,1.094922737,1.094922737,6.795721103,FALSE,FALSE
,TakCoin,TAK,,TakCoin,0,0,0,1,0,0,454,1,454,1,454,0,FALSE,FALSE,1.092511013,1.092511013,6.780752554,FALSE,FALSE
,BDSM,BDSM,,BDSM,0,0,0,1,0,0,455,1,455,1,455,0,FALSE,FALSE,1.09010989,1.09010989,6.765849801,FALSE,FALSE
,Global Denomination,GDN,,Global Denomination,0,0,0,1,0,0,456,1,456,1,456,0,FALSE,FALSE,1.087719298,1.087719298,6.751012412,FALSE,FALSE
,CaliforniaCoin,CAC,,CaliforniaCoin,0,0,0,1,0,0,457,1,457,1,457,0,FALSE,FALSE,1.085339168,1.085339168,6.736239955,FALSE,FALSE
,Granite,GRN,,Granite,0,0,0,1,0,0,458,1,458,1,458,0,FALSE,FALSE,1.082969432,1.082969432,6.721532008,FALSE,FALSE
,Darkkush,DANK,,Darkkush,0,0,0,1,0,0,459,1,459,1,459,0,FALSE,FALSE,1.080610022,1.080610022,6.706888147,FALSE,FALSE
,UroDarkCoin,UROD,,UroDarkCoin,0,0,0,1,0,0,460,1,460,1,460,0,FALSE,FALSE,1.07826087,1.07826087,6.692307956,FALSE,FALSE
,ConfessionCoin,CFN,,ConfessionCoin,0,0,0,1,0,0,461,1,461,1,461,0,FALSE,FALSE,1.075921909,1.075921909,6.677791019,FALSE,FALSE
,GlobalBoost,BST,,GlobalBoost,0,0,0,1,0,0,462,1,462,1,462,0,FALSE,FALSE,1.073593074,1.073593074,6.663336926,FALSE,FALSE
,BeaverCoin,BVC,,BeaverCoin,0,0,0,1,0,0,463,1,463,1,463,0,FALSE,FALSE,1.071274298,1.071274298,6.648945269,FALSE,FALSE
,Darkpeer,DPC,,Darkpeer,0,0,0,1,0,0,464,1,464,1,464,0,FALSE,FALSE,1.068965517,1.068965517,6.634615646,FALSE,FALSE
,Lightcoin,LIT,,Lightcoin,0,0,0,1,0,0,465,1,465,1,465,0,FALSE,FALSE,1.066666667,1.066666667,6.620347655,FALSE,FALSE
,Donationcoin,DON,,Donationcoin,0,0,0,1,0,0,466,1,466,1,466,0,FALSE,FALSE,1.064377682,1.064377682,6.606140901,FALSE,FALSE
,[Deprecated] Denarius,DRS,,[Deprecated] Denarius,0,0,0,1,0,0,467,1,467,1,467,0,FALSE,FALSE,1.062098501,1.062098501,6.591994989,FALSE,FALSE
,WolfCoin,WLF,,WolfCoin,0,0,0,1,0,0,468,1,468,1,468,0,FALSE,FALSE,1.05982906,1.05982906,6.577909529,FALSE,FALSE
,66 Coin,66,,66 Coin,0,0,0,1,0,0,469,1,469,1,469,0,FALSE,FALSE,1.057569296,1.057569296,6.563884136,FALSE,FALSE
,Extremecoin,EXC,,Extremecoin,0,0,0,1,0,0,470,1,470,1,470,0,FALSE,FALSE,1.055319149,1.055319149,6.549918425,FALSE,FALSE
,DarkSwift,DS,,DarkSwift,0,0,0,1,0,0,471,1,471,1,471,0,FALSE,FALSE,1.053078556,1.053078556,6.536012016,FALSE,FALSE
,Latium old,LAT,,Latium old,0,0,0,1,0,0,472,1,472,1,472,0,FALSE,FALSE,1.050847458,1.050847458,6.522164533,FALSE,FALSE
,CraftCoin,CRC,,CraftCoin,0,0,0,1,0,0,473,1,473,1,473,0,FALSE,FALSE,1.048625793,1.048625793,6.508375602,FALSE,FALSE
,Joincoin,J,,Joincoin,0,0,0,1,0,0,474,1,474,1,474,0,FALSE,FALSE,1.046413502,1.046413502,6.494644852,FALSE,FALSE
,vTorrent,VTR,,vTorrent,0,0,0,1,0,0,475,1,475,1,475,0,FALSE,FALSE,1.044210526,1.044210526,6.480971915,FALSE,FALSE
,Coinworkscoin,LAB,,Coinworkscoin,0,0,0,1,0,0,476,1,476,1,476,0,FALSE,FALSE,1.042016807,1.042016807,6.467356428,FALSE,FALSE
,Twenty15,2015,,Twenty15,0,0,0,1,0,0,477,1,477,1,477,0,FALSE,FALSE,1.039832285,1.039832285,6.453798029,FALSE,FALSE
,CHNCoin,CNC,,CHNCoin,0,0,0,1,0,0,478,1,478,1,478,0,FALSE,FALSE,1.037656904,1.037656904,6.440296359,FALSE,FALSE
,Aegis,AGS,,Aegis,0,0,0,1,0,0,479,1,479,1,479,0,FALSE,FALSE,1.035490605,1.035490605,6.426851064,FALSE,FALSE
,Tigercoin,TGC,,Tigercoin,0,0,0,1,0,0,480,1,480,1,480,0,FALSE,FALSE,1.033333333,1.033333333,6.413461791,FALSE,FALSE
,DarkToken,DT,,DarkToken,0,0,0,1,0,0,481,1,481,1,481,0,FALSE,FALSE,1.031185031,1.031185031,6.400128191,FALSE,FALSE
,EZCoin,EZC,,EZCoin,0,0,0,1,0,0,482,1,482,1,482,0,FALSE,FALSE,1.029045643,1.029045643,6.386849916,FALSE,FALSE
,AmericanCoin,AMC,,AmericanCoin,0,0,0,1,0,0,483,1,483,1,483,0,FALSE,FALSE,1.026915114,1.026915114,6.373626625,FALSE,FALSE
,NanoToken,NAN,,NanoToken,0,0,0,1,0,0,484,1,484,1,484,0,FALSE,FALSE,1.024793388,1.024793388,6.360457974,FALSE,FALSE
,AlphaCoin,ALF,,AlphaCoin,0,0,0,1,0,0,485,1,485,1,485,0,FALSE,FALSE,1.022680412,1.022680412,6.347343628,FALSE,FALSE
,SSVCoin,SSV,,SSVCoin,0,0,0,1,0,0,486,1,486,1,486,0,FALSE,FALSE,1.020576132,1.020576132,6.33428325,FALSE,FALSE
,Skeincoin,SKC,,Skeincoin,0,0,0,1,0,0,487,1,487,1,487,0,FALSE,FALSE,1.018480493,1.018480493,6.321276509,FALSE,FALSE
,Coin(O),CNO,,Coin(O),0,0,0,1,0,0,488,1,488,1,488,0,FALSE,FALSE,1.016393443,1.016393443,6.308323073,FALSE,FALSE
,SecurityCoin,SCSY,,SecurityCoin,0,0,0,1,0,0,489,1,489,1,489,0,FALSE,FALSE,1.014314928,1.014314928,6.295422617,FALSE,FALSE
,Bitmiles,BTMI,,Bitmiles,0,0,0,1,0,0,490,1,490,1,490,0,FALSE,FALSE,1.012244898,1.012244898,6.282574816,FALSE,FALSE
,StarCoin,STR,,StarCoin,0,0,0,1,0,0,491,1,491,1,491,0,FALSE,FALSE,1.010183299,1.010183299,6.269779348,FALSE,FALSE
,Krugercoin,KGC,,Krugercoin,0,0,0,1,0,0,492,1,492,1,492,0,FALSE,FALSE,1.008130081,1.008130081,6.257035894,FALSE,FALSE
,Memecoin,MEM,,Memecoin,0,0,0,1,0,0,493,1,493,1,493,0,FALSE,FALSE,1.006085193,1.006085193,6.244344137,FALSE,FALSE
,ElephantCoin,ELP,,ElephantCoin,0,0,0,1,0,0,494,1,494,1,494,0,FALSE,FALSE,1.004048583,1.004048583,6.231703764,FALSE,FALSE
,GameCoin,GME,,GameCoin,0,0,0,1,0,0,495,1,495,1,495,0,FALSE,FALSE,1.002020202,1.002020202,6.219114464,FALSE,FALSE
,XenCoin,XNC,,XenCoin,0,0,0,1,0,0,496,1,496,1,496,0,FALSE,FALSE,1,1,6.206575927,FALSE,FALSE