CoinMarketCap,Name,Symbol,MarketCap,CoinGecko,Name,Return,Rank - Return,Max Return,Rank - Overall Max,adjusted e-value,pass 5% threshold?,pass 10% threshold?,p-value (Max),,,,Return (30%),Max Return (30%)
,BitBay,BAY,170012,,BitBay,29215731058,1,29215731058,1,292157310.6,TRUE,TRUE,0.000000003422813545,0.00000001576263889,TRUE,TRUE,4124814344,4124814344
,Anoncoin,ANC,270543,,Anoncoin,135455.1502,2,135455.1502,2,2709.103004,TRUE,TRUE,0.0003691258688,0.001699887446,TRUE,TRUE,63777.85374,63777.85374
,WorldCoin,WDC,468650,,WorldCoin,22119.45355,3,39928.92518,3,663.5836064,TRUE,TRUE,0.0008348166946,0.003844472953,TRUE,TRUE,9309.161165,12962.8953
,CannabisCoin,CANN,193676,,CannabisCoin,4782.399875,4,7159.534317,4,191.295995,TRUE,TRUE,0.00349184722,0.01608055071,TRUE,TRUE,2207.5535,2778.605431
,Bitswift,BITS,158503,,Bitswift,2816.076036,5,5379.036402,5,140.8038018,TRUE,TRUE,0.003718138065,0.01712265857,TRUE,TRUE,1721.560597,2491.300687
,Infinitecoin,IFC,350207,,Infinitecoin,1711.712273,6,2862.617966,6,102.7027364,TRUE,TRUE,0.005822176365,0.02681211301,TRUE,TRUE,701.2145255,938.5818698
,Maxcoin,MAX,196394,,Maxcoin,383.319232,7,658.8889984,7,26.83234624,TRUE,TRUE,0.02168151892,0.09984708453,FALSE,TRUE,199.6753438,266.5680277
,NuShares,NSR,3525777,,NuShares,362.8156461,8,542.2706098,8,29.02525169,TRUE,TRUE,0.02305122161,0.1061547985,FALSE,FALSE,247.2889945,303.0236545
,Dogecoin,DOGE,15405093,,Dogecoin,289.2496954,9,311.1304748,9,26.03247258,TRUE,TRUE,0.03571206297,0.1644601277,FALSE,FALSE,61.05964169,63.75754463
,GoldCoin,GLC,141863,,GoldCoin,182.1464021,10,216.4996749,13,18.21464021,FALSE,TRUE,0.03553034293,0.163623276,FALSE,FALSE,72.53642424,80.27302819
,Syscoin,SYS,237099,,Syscoin,161.8203221,11,298.1741804,10,17.80023543,FALSE,TRUE,0.03353744441,0.1544456391,FALSE,FALSE,45.77335845,64.54601583
,Pandacoin,PND,427322,,Pandacoin,161.3744933,12,176.0287623,15,19.36493919,FALSE,TRUE,0.03787259865,0.1744097622,FALSE,FALSE,63.23889874,66.56372853
,Digitalcoin,DGC,156313,,Digitalcoin,154.8193014,13,266.8428355,11,20.12650918,TRUE,TRUE,0.03406840237,0.1568907909,FALSE,FALSE,107.9633502,147.7568537
,MintCoin,MINT,162088,,MintCoin,107.2118337,14,242.1015404,12,15.00965672,FALSE,TRUE,0.03442081913,0.1585137301,FALSE,FALSE,55.10458457,87.17660727
,Monero,XMR,2316422,,Monero,99.50947696,15,132.2718848,18,14.92642154,FALSE,TRUE,0.04200103117,0.1934218965,FALSE,FALSE,24.9518397,29.4307947
,ReddCoin,RDD,783704,,ReddCoin,95.48718549,16,177.2263697,14,15.27794968,FALSE,TRUE,0.04030357986,0.1856048443,FALSE,FALSE,40.75979076,57.7090594
,DigitalNote,XDN,365509,,DigitalNote,88.26466311,17,148.7301368,16,15.00499273,FALSE,TRUE,0.04202241816,0.1935203872,FALSE,FALSE,38.78720649,52.38724874
,Vertcoin,VTC,158981,,Vertcoin,85.26831104,18,127.2103281,19,15.34829599,FALSE,TRUE,0.04137366809,0.1905327828,FALSE,FALSE,36.21743402,45.41606716
,Burst,BURST,194685,,Burst,68.43312311,19,68.43312311,22,13.00229339,FALSE,TRUE,0.06642184864,0.3058839171,FALSE,FALSE,24.93463529,24.93463529
,Bytecoin,BCN,1324178,,Bytecoin,62.4338486,20,142.7765242,17,12.48676972,FALSE,TRUE,0.04119972084,0.1897317261,FALSE,FALSE,24.81711391,36.20683511
,Stellar,XLM,15717689,,Stellar,51.57237969,21,67.00824234,23,10.83019973,FALSE,TRUE,0.06488494453,0.2988062121,FALSE,FALSE,20.45769613,23.8386047
,XRP,XRP,586350663,,XRP,48.3428936,22,65.9245055,24,10.63543659,FALSE,TRUE,0.06320360896,0.2910633756,FALSE,FALSE,21.53735004,25.78282368
,MonaCoin,MONA,377575,,MonaCoin,46.29494164,23,68.67275266,21,10.64783658,FALSE,TRUE,0.06934198175,0.319331627,FALSE,FALSE,17.3964712,20.3374271
,Megacoin,MEC,418346,,Megacoin,46.05362364,24,88.23814466,20,11.05286967,FALSE,TRUE,0.05666483605,0.2609512135,FALSE,FALSE,33.99570993,49.24843338
,Stealth,XST,143182,,Stealth,31.86356359,25,47.21528525,28,7.965890898,FALSE,FALSE,0.07564136386,0.3483413537,FALSE,FALSE,14.78279878,18.50025298
,Dash,DASH,8152158,,Dash,31.68876463,26,48.28734652,26,8.239078804,FALSE,FALSE,0.07965138124,0.3668081661,FALSE,FALSE,11.36358493,13.70563595
,Viacoin,VIA,451063,,Viacoin,30.63943961,27,50.63424688,25,8.272648696,FALSE,FALSE,0.07899791636,0.3637988492,FALSE,FALSE,13.88303732,18.45759946
,Unobtanium,UNO,379033,,Unobtanium,24.27446841,28,29.37137779,36,6.796851154,FALSE,FALSE,0.09457430966,0.4355307912,FALSE,FALSE,9.808487566,10.94843811
,Litecoin,LTC,69101167,,Litecoin,22.63148184,29,29.44438163,35,6.563129734,FALSE,FALSE,0.09703524743,0.4468638284,FALSE,FALSE,8.538798305,9.9514307
,Ixcoin,IXC,449022,,Ixcoin,21.57823668,30,40.99833246,30,6.473471003,FALSE,FALSE,0.08130411979,0.3744193085,FALSE,FALSE,12.80729954,18.03441388
,Clams,CLAM,543273,,Clams,21.33790927,31,30.17777066,34,6.614751874,FALSE,FALSE,0.09746168807,0.4488276602,FALSE,FALSE,16.31382581,19.47678508
,Gulden,NLG,218706,,Gulden,19.73245458,32,34.3894948,31,6.314385464,FALSE,FALSE,0.093802089,0.4319745837,FALSE,FALSE,9.931841361,11.5112748
,PotCoin,POT,155671,,PotCoin,19.61196601,33,48.09621119,27,6.471948782,FALSE,FALSE,0.07700614274,0.3546263927,FALSE,FALSE,8.875699882,13.04406461
,Bitcoin,BTC,3616325670,,Bitcoin,19.6009184,34,24.50104105,40,6.664312256,FALSE,FALSE,0.1020364806,0.4698953584,FALSE,FALSE,6.815037255,7.758104038
,Quark,QRK,1073677,,Quark,18.85925168,35,27.28467871,37,6.600738086,FALSE,FALSE,0.09905569098,0.4561683149,FALSE,FALSE,12.33521691,15.22702748
,MaidSafeCoin,MAID,18266243,,MaidSafeCoin,16.24961101,36,18.15840976,45,5.849859964,FALSE,FALSE,0.1223797817,0.563579722,FALSE,FALSE,7.929758845,8.469898182
,Primecoin,XPM,619921,,Primecoin,15.44135278,37,31.58353306,33,5.713300529,FALSE,FALSE,0.09594566335,0.4418461083,FALSE,FALSE,11.13327097,13.85536417
,BitShares,BTS,34255564,,BitShares,14.64527014,38,26.89537944,38,5.565202651,FALSE,FALSE,0.0978450203,0.4505929703,FALSE,FALSE,9.555273659,11.92003092
,FairCoin,FAIR,243490,,FairCoin,14.18430364,39,33.89458528,32,5.531878421,FALSE,FALSE,0.09219761725,0.4245857182,FALSE,FALSE,7.636453452,10.6588916
,Omni,OMNI,1211260,,Omni,12.7695009,40,22.77631928,41,5.107800361,FALSE,FALSE,0.1070859765,0.4931491462,FALSE,FALSE,9.74754554,12.77638226
,Curecoin,CURE,190280,,Curecoin,11.99252448,41,21.48044252,42,4.916935038,FALSE,FALSE,0.1108427994,0.5104499549,FALSE,FALSE,6.370374249,7.929699528
,Emercoin,EMC,175239,,Emercoin,11.75694905,42,47.19189725,29,4.937918602,FALSE,FALSE,0.07306923567,0.3364962656,FALSE,FALSE,8.660114059,16.51571431
,Opal,OPAL,159619,,Opal,11.23159165,43,11.23159165,49,4.829584409,FALSE,FALSE,0.1817032163,0.8367742343,FALSE,FALSE,8.423948158,8.423948158
,VeriCoin,VRC,261563,,VeriCoin,11.00146156,44,24.83299663,39,4.840643087,FALSE,FALSE,0.1032538522,0.4755015619,FALSE,FALSE,6.429307223,8.551589663
,Feathercoin,FTC,876262,,Feathercoin,10.65344478,45,21.25903509,44,4.794050152,FALSE,FALSE,0.1069064171,0.4923222449,FALSE,FALSE,7.085923056,9.25167043
,DNotes,NOTE,955911,,DNotes,8.812448745,46,17.74368394,46,4.053726423,FALSE,FALSE,0.1225175702,0.5642142617,FALSE,FALSE,9.915253532,14.73868351
,VPNCoin,VASH,142730,,VPNCoin,8.047175458,47,14.33958898,47,3.782172465,FALSE,FALSE,0.1483766081,0.6832995319,FALSE,FALSE,5.926113972,7.143525815
,Counterparty,XCP,9247940,,Counterparty,7.995179128,48,10.28350493,51,3.837685981,FALSE,FALSE,0.1906727644,0.8780805301,FALSE,FALSE,6.73903412,7.812564289
,Nxt,NXT,16068879,,Nxt,6.523850475,49,21.26018294,43,3.196686733,FALSE,FALSE,0.1093867067,0.5037444005,FALSE,FALSE,5.444650231,9.241688817
,BlackCoin,BLK,1772414,,BlackCoin,4.944439386,50,11.972007,48,2.472219693,FALSE,FALSE,0.1740170493,0.8013781275,FALSE,FALSE,3.529300078,5.413098498
,Novacoin,NVC,466187,,Novacoin,4.887910914,51,10.7678337,50,2.492834566,FALSE,FALSE,0.1857383812,0.8553568555,FALSE,FALSE,4.758723204,7.278915674
,Namecoin,NMC,6074428,,Namecoin,4.245590286,52,5.141560363,52,2.207706949,FALSE,FALSE,0.3740259352,1.722453086,FALSE,FALSE,3.137289953,3.511439032
,Peercoin,PPC,10115664,,Peercoin,3.288333758,53,4.988532735,53,1.742816892,FALSE,FALSE,0.378225934,1.741794795,FALSE,FALSE,2.536504076,2.981405176
,NuBits,USNBT,2245805,,NuBits,1.77435798,54,1.77435798,54,0.9581533092,FALSE,FALSE,1.043674316,4.806297846,FALSE,FALSE,1.777149849,1.777149849
,PayCoin,XPY,53186751,,PayCoin,0,55,1,55,0,FALSE,FALSE,1.818181818,8.373036702,FALSE,FALSE,0,1
,FuelCoin,FC2,4138257,,FuelCoin,0,56,1,56,0,FALSE,FALSE,1.785714286,8.223518189,FALSE,FALSE,0,1
,SuperNET,UNITY,3502328,,SuperNET,0,57,1,57,0,FALSE,FALSE,1.754385965,8.07924594,FALSE,FALSE,0,1
,YbCoin,YBC,2676393,,YbCoin,0,58,1,58,0,FALSE,FALSE,1.724137931,7.939948597,FALSE,FALSE,0,1
,Banx,BANX,2460389,,Banx,0,59,1,59,0,FALSE,FALSE,1.694915254,7.805373197,FALSE,FALSE,0,1
,Swarm,SWARM,1695206,,Swarm,0,60,1,60,0,FALSE,FALSE,1.666666667,7.675283643,FALSE,FALSE,0,1
,Storjcoin X,SJCX,1425931,,Storjcoin X,0,61,1,61,0,FALSE,FALSE,1.639344262,7.549459321,FALSE,FALSE,0,1
,BitcoinDark,BTCD,1290933,,BitcoinDark,0,62,1,62,0,FALSE,FALSE,1.612903226,7.427693848,FALSE,FALSE,0,1
,NXTventure,NXTV,1249518,,NXTventure,0,63,1,63,0,FALSE,FALSE,1.587301587,7.309793946,FALSE,FALSE,0,1
,Pangea Poker,PANGEA,1091871,,Pangea Poker,0,64,1,64,0,FALSE,FALSE,1.5625,7.195578416,FALSE,FALSE,0,1
,InstantDEX,DEX,996449,,InstantDEX,0,65,1,65,0,FALSE,FALSE,1.538461538,7.084877209,FALSE,FALSE,0,1
,CoinoUSD,XUSD,927830,,CoinoUSD,0,66,1,66,0,FALSE,FALSE,1.515151515,6.977530585,FALSE,FALSE,0,1
,bitUSD,BITUSD,849583,,bitUSD,0,67,1,67,0,FALSE,FALSE,1.492537313,6.873388337,FALSE,FALSE,0,1
,Ethercoin,ETC,726534,,Ethercoin,0,68,1,68,0,FALSE,FALSE,1.470588235,6.772309097,FALSE,FALSE,0,1
,jl777hodl,JLH,590005,,jl777hodl,0,69,1,69,0,FALSE,FALSE,1.449275362,6.67415969,FALSE,FALSE,0,1
,Marinecoin,MTC,578694,,Marinecoin,0,70,1,70,0,FALSE,FALSE,1.428571429,6.578814551,FALSE,FALSE,0,1
,Nxttycoin,NXTTY,546825,,Nxttycoin,0,71,1,71,0,FALSE,FALSE,1.408450704,6.486155192,FALSE,FALSE,0,1
,NXTprivacy,NXTprivacy,522239,,NXTprivacy,0,72,1,72,0,FALSE,FALSE,1.388888889,6.396069703,FALSE,FALSE,0,1
,Jinn,JINN,482067,,Jinn,0,73,1,73,0,FALSE,FALSE,1.369863014,6.30845231,FALSE,FALSE,0,1
,Tradebots,NXTcoinsco,477295,,Tradebots,0,74,1,74,0,FALSE,FALSE,1.351351351,6.223202954,FALSE,FALSE,0,1
,BitShares PTS,PTS,422882,,BitShares PTS,0,75,1,75,0,FALSE,FALSE,1.333333333,6.140226915,FALSE,FALSE,0,1
,TileCoin,XTC,421655,,TileCoin,0,76,1,76,0,FALSE,FALSE,1.315789474,6.059434455,FALSE,FALSE,0,1
,I0Coin,I0C,405510,,I0Coin,0,77,1,77,0,FALSE,FALSE,1.298701299,5.980740501,FALSE,FALSE,0,1
,Uro,URO,402334,,Uro,0,78,1,78,0,FALSE,FALSE,1.282051282,5.904064341,FALSE,FALSE,0,1
,SkyNET,SKYNET,362678,,SkyNET,0,79,1,79,0,FALSE,FALSE,1.265822785,5.829329349,FALSE,FALSE,0,1
,BilShares,BILS,322887,,BilShares,0,80,1,80,0,FALSE,FALSE,1.25,5.756462732,FALSE,FALSE,0,1
,ShadowCash,SDC,318760,,ShadowCash,0,81,1,81,0,FALSE,FALSE,1.234567901,5.685395291,FALSE,FALSE,0,1
,NooCoin,NOO,318251,,NooCoin,0,82,1,82,0,FALSE,FALSE,1.219512195,5.616061202,FALSE,FALSE,0,1
,XCurrency,XC,294603,,XCurrency,0,83,1,83,0,FALSE,FALSE,1.204819277,5.548397814,FALSE,FALSE,0,1
,Zetacoin,ZET,294363,,Zetacoin,0,84,1,84,0,FALSE,FALSE,1.19047619,5.48234546,FALSE,FALSE,0,1
,Gridcoin Classic,GRCX,290253,,Gridcoin Classic,0,85,1,85,0,FALSE,FALSE,1.176470588,5.417847278,FALSE,FALSE,0,1
,Coinomat,CNMT,284837,,Coinomat,0,86,1,86,0,FALSE,FALSE,1.162790698,5.354849053,FALSE,FALSE,0,1
,Privatebet,Privatebet,282748,,Privatebet,0,87,1,87,0,FALSE,FALSE,1.149425287,5.293299064,FALSE,FALSE,0,1
,Qora,QORA,264195,,Qora,0,88,1,88,0,FALSE,FALSE,1.136363636,5.233147939,FALSE,FALSE,0,1
,UltraCoin,UTC,254348,,UltraCoin,0,89,1,89,0,FALSE,FALSE,1.123595506,5.174348524,FALSE,FALSE,0,1
,FreeMarket,MRKT,231392,,FreeMarket,0,90,1,90,0,FALSE,FALSE,1.111111111,5.116855762,FALSE,FALSE,0,1
,Applecoin,APC,201478,,Applecoin,0,91,1,91,0,FALSE,FALSE,1.098901099,5.060626578,FALSE,FALSE,0,1
,SolarCoin,SLR,192136,,SolarCoin,0,92,1,92,0,FALSE,FALSE,1.086956522,5.005619767,FALSE,FALSE,0,1
,Hyper,HYPER,189514,,Hyper,0,93,1,93,0,FALSE,FALSE,1.075268817,4.951795899,FALSE,FALSE,0,1
,CzechCrownCoin,CZC,174126,,CzechCrownCoin,0,94,1,94,0,FALSE,FALSE,1.063829787,4.899117219,FALSE,FALSE,0,1
,CryptoCoins,CCS,167858,,CryptoCoins,0,95,1,95,0,FALSE,FALSE,1.052631579,4.847547564,FALSE,FALSE,0,1
,ARCHcoin,ARCH,158546,,ARCHcoin,0,96,1,96,0,FALSE,FALSE,1.041666667,4.797052277,FALSE,FALSE,0,1
,ATOMIC,ATOMIC,156832,,ATOMIC,0,97,1,97,0,FALSE,FALSE,1.030927835,4.74759813,FALSE,FALSE,0,1
,Node,NODE,150591,,Node,0,98,1,98,0,FALSE,FALSE,1.020408163,4.699153251,FALSE,FALSE,0,1
,ltc2nXt,LTC2NXT,148795,,ltc2nXt,0,99,1,99,0,FALSE,FALSE,1.01010101,4.651687057,FALSE,FALSE,0,1
,Viorcoin,VIOR,145952,,Viorcoin,0,100,1,100,0,FALSE,FALSE,1,4.605170186,FALSE,FALSE,0,1